id,first_name,last_name,email,gender,contactNo,country,dob
1,Kary,Kynge,kkynge0@nymag.com,Female,202-233-4851,United States,11/18/2023
2,Rodolphe,Stonebanks,rstonebanks1@harvard.edu,Male,715-545-9507,Sweden,11/16/2023
3,Cosette,Stygall,cstygall2@ning.com,Female,774-275-1596,Poland,3/9/2024
4,Onfre,Padilla,opadilla3@amazon.co.jp,Male,540-972-2972,Moldova,3/20/2024
5,Berta,Woolacott,bwoolacott4@ehow.com,Genderqueer,296-216-4996,Colombia,11/3/2023
6,Etheline,Fydo,efydo5@wikia.com,Female,144-198-0466,Portugal,8/29/2023
7,Linnet,Dalgleish,ldalgleish6@prnewswire.com,Female,126-681-2528,Venezuela,6/6/2024
8,Clea,Bilham,cbilham7@usatoday.com,Female,393-243-4265,Finland,9/25/2023
9,Antonino,Catterson,acatterson8@homestead.com,Male,745-977-3297,Zimbabwe,2/19/2024
10,Beauregard,Perschke,bperschke9@soup.io,Male,190-124-3050,Mexico,8/22/2023
11,Cacilie,Burgill,cburgilla@bloglines.com,Female,924-198-8792,Sweden,2/1/2024
12,Keely,O'Kieran,kokieranb@geocities.jp,Agender,958-225-3606,China,7/25/2023
13,Tucker,Milborn,tmilbornc@microsoft.com,Male,239-821-8256,Norway,10/5/2023
14,Shay,Bang,sbangd@unblog.fr,Male,793-137-6630,Russia,6/23/2024
15,Elyse,Fonteyne,efonteynee@uiuc.edu,Female,214-158-6584,Guinea,8/10/2023
16,Dacey,Cowndley,dcowndleyf@chronoengine.com,Female,861-851-1636,Brazil,7/18/2023
17,Estrella,Brewin,ebrewing@desdev.cn,Female,536-848-5668,China,5/3/2024
18,Sigmund,Daid,sdaidh@dot.gov,Male,703-816-9854,Brazil,6/4/2024
19,Palm,Bramford,pbramfordi@marriott.com,Male,563-952-1978,Philippines,4/7/2024
20,Clint,Roeby,croebyj@wikia.com,Non-binary,540-318-7535,Japan,5/25/2024
21,Ilaire,Tucknutt,itucknuttk@webmd.com,Genderqueer,446-307-2965,Greece,9/30/2023
22,Kelsey,Fordyce,kfordycel@utexas.edu,Male,732-178-7028,Indonesia,12/12/2023
23,David,Cescotti,dcescottim@who.int,Male,497-776-1411,Russia,7/17/2023
24,Simon,Boscher,sboschern@ox.ac.uk,Male,486-293-5372,Thailand,12/18/2023
25,Haydon,Okill,hokillo@nifty.com,Bigender,770-298-9181,Albania,4/26/2024
26,Floris,Gerber,fgerberp@cnbc.com,Bigender,757-946-3039,France,8/15/2023
27,Ingelbert,Bernhart,ibernhartq@webs.com,Male,954-707-4906,China,7/22/2023
28,Karoline,Colman,kcolmanr@creativecommons.org,Female,595-139-1216,China,3/8/2024
29,Agnola,Kruger,akrugers@cbsnews.com,Female,345-494-3287,Norway,10/30/2023
30,Eduino,Christofol,echristofolt@pinterest.com,Male,457-988-0651,China,3/25/2024
31,Wilton,Kittman,wkittmanu@sciencedaily.com,Male,178-430-8114,Russia,2/13/2024
32,Darlene,Farlham,dfarlhamv@dyndns.org,Female,430-393-0214,Nicaragua,1/27/2024
33,Chaddie,Statter,cstatterw@exblog.jp,Male,820-275-5719,China,9/14/2023
34,Hinda,Haggus,hhaggusx@paypal.com,Female,285-776-7249,Peru,9/22/2023
35,Christel,von Hagt,cvonhagty@dailymotion.com,Female,801-191-6469,Sweden,6/29/2024
36,Genevieve,Bendel,gbendelz@cafepress.com,Female,353-478-9542,Indonesia,10/6/2023
37,Katti,Bayly,kbayly10@kickstarter.com,Female,464-186-5895,Croatia,3/28/2024
38,Magdalen,Blei,mblei11@home.pl,Bigender,453-836-9834,China,8/18/2023
39,Gloriana,Boecke,gboecke12@tmall.com,Female,127-295-0268,Norway,11/17/2023
40,Clarabelle,O'Connor,coconnor13@constantcontact.com,Female,606-423-1760,Russia,8/31/2023
41,Nelle,Longcaster,nlongcaster14@elpais.com,Genderqueer,876-503-2461,Afghanistan,6/6/2024
42,Dunc,Hampshaw,dhampshaw15@opera.com,Male,925-407-7105,Ecuador,1/12/2024
43,Ad,Bozier,abozier16@engadget.com,Male,438-909-4237,Angola,9/21/2023
44,Nicholas,Ifill,nifill17@smh.com.au,Male,237-709-7711,Ecuador,10/30/2023
45,Carly,Pucknell,cpucknell18@youtube.com,Female,919-235-3301,China,12/6/2023
46,Delmar,Ashman,dashman19@google.com.hk,Male,869-640-3586,Brazil,11/18/2023
47,Cobbie,Kuhwald,ckuhwald1a@ning.com,Male,486-568-4503,Sri Lanka,9/8/2023
48,Brade,Stoile,bstoile1b@macromedia.com,Male,107-859-8682,Malawi,2/27/2024
49,Donnie,Moryson,dmoryson1c@bluehost.com,Female,748-206-2132,Indonesia,9/26/2023
50,Clovis,Norcross,cnorcross1d@jigsy.com,Female,325-129-5400,Brazil,6/8/2024
51,Lucas,Cleynaert,lcleynaert1e@creativecommons.org,Male,921-197-0236,Canada,4/6/2024
52,Saul,Oggers,soggers1f@time.com,Male,995-609-6956,Sweden,10/13/2023
53,Dennis,Cordelette,dcordelette1g@unicef.org,Male,899-356-6668,Greece,2/27/2024
54,Mommy,Buzza,mbuzza1h@wordpress.com,Female,544-224-5287,Philippines,10/1/2023
55,Dina,Neale,dneale1i@loc.gov,Female,651-571-0803,Albania,6/26/2024
56,Dietrich,Windmill,dwindmill1j@apache.org,Male,663-518-4283,China,5/8/2024
57,Idaline,Pumfrey,ipumfrey1k@globo.com,Female,200-411-2950,Poland,3/9/2024
58,Olly,Sunner,osunner1l@nba.com,Genderfluid,554-602-8140,Haiti,6/27/2024
59,Nikolos,Ungerechts,nungerechts1m@privacy.gov.au,Male,594-652-2050,Portugal,8/12/2023
60,Kary,Kilroy,kkilroy1n@typepad.com,Female,160-176-9162,Mexico,10/17/2023
61,Abner,McDermid,amcdermid1o@stumbleupon.com,Male,186-543-8723,Indonesia,11/18/2023
62,Jory,Drabble,jdrabble1p@icq.com,Male,509-709-4592,Brazil,7/26/2023
63,Orville,McBean,omcbean1q@over-blog.com,Male,844-527-2052,Portugal,6/8/2024
64,Fleurette,Rawsthorne,frawsthorne1r@eepurl.com,Female,405-355-6277,Indonesia,12/6/2023
65,Arlie,Obeney,aobeney1s@amazon.co.uk,Female,886-926-8558,Greece,8/28/2023
66,Kirsti,Robion,krobion1t@zimbio.com,Female,529-319-4411,Indonesia,6/30/2024
67,Riordan,Lightbody,rlightbody1u@techcrunch.com,Male,488-243-6183,Indonesia,5/3/2024
68,Velvet,Sawdy,vsawdy1v@cocolog-nifty.com,Agender,937-177-0430,United States,7/20/2023
69,Correy,Senter,csenter1w@123-reg.co.uk,Male,303-554-7549,France,2/12/2024
70,Sax,Buxcy,sbuxcy1x@sciencedaily.com,Male,696-896-6079,Sweden,9/19/2023
71,Bernice,Guihen,bguihen1y@paypal.com,Female,788-218-4292,Czech Republic,8/27/2023
72,Linea,Bogey,lbogey1z@ycombinator.com,Agender,808-240-6905,Portugal,11/14/2023
73,Devin,Siely,dsiely20@go.com,Male,980-270-0664,Venezuela,12/13/2023
74,Ray,Lilliman,rlilliman21@printfriendly.com,Male,133-382-6294,Sweden,5/4/2024
75,Wilburt,Loxston,wloxston22@engadget.com,Male,197-604-4367,Czech Republic,6/3/2024
76,Flinn,Brockhurst,fbrockhurst23@nydailynews.com,Male,184-552-2479,Ukraine,1/8/2024
77,Jody,Cabel,jcabel24@wsj.com,Male,650-626-9633,China,2/6/2024
78,Lloyd,Bernardinelli,lbernardinelli25@imdb.com,Male,501-512-9885,Poland,4/25/2024
79,Elsa,Attenbrow,eattenbrow26@ebay.com,Female,935-370-9007,Japan,10/17/2023
80,Kira,Blakeway,kblakeway27@ucoz.ru,Female,938-398-3517,Philippines,6/17/2024
81,Jonathan,Hull,jhull28@google.cn,Male,339-962-7463,Philippines,9/14/2023
82,Vance,Antonetti,vantonetti29@ameblo.jp,Male,726-565-9371,Nigeria,9/15/2023
83,Caitlin,Abbott,cabbott2a@symantec.com,Female,997-836-8285,Russia,8/23/2023
84,Gerrie,Sprankling,gsprankling2b@etsy.com,Female,729-758-0547,Canada,1/13/2024
85,Flore,Tice,ftice2c@prweb.com,Female,448-905-8237,Indonesia,3/25/2024
86,Aviva,Portis,aportis2d@noaa.gov,Female,414-479-6839,Philippines,4/14/2024
87,Avivah,Spreckley,aspreckley2e@freewebs.com,Female,620-629-3839,Philippines,2/11/2024
88,Julina,Zimek,jzimek2f@ox.ac.uk,Female,557-210-8649,Cuba,8/11/2023
89,Connie,Restieaux,crestieaux2g@omniture.com,Male,653-458-6590,China,6/14/2024
90,Holly,Clearie,hclearie2h@comcast.net,Male,427-460-5105,Croatia,8/13/2023
91,Brewster,Itzchaki,bitzchaki2i@storify.com,Male,767-837-9302,Czech Republic,1/10/2024
92,Norbert,Whatham,nwhatham2j@yelp.com,Male,617-716-7742,Brazil,11/2/2023
93,Eddi,Sukbhans,esukbhans2k@mtv.com,Female,385-379-1650,France,2/17/2024
94,Ives,Byles,ibyles2l@admin.ch,Male,743-817-3394,Afghanistan,11/14/2023
95,Frasier,Zammett,fzammett2m@state.gov,Male,984-757-1214,Honduras,6/29/2024
96,Belvia,Strethill,bstrethill2n@phoca.cz,Female,472-845-2117,China,4/6/2024
97,Ingar,Papes,ipapes2o@homestead.com,Male,630-289-9578,United States,6/13/2024
98,Frieda,Bentick,fbentick2p@zdnet.com,Female,721-486-3392,Ukraine,1/31/2024
99,Ruprecht,Edgar,redgar2q@uiuc.edu,Male,601-963-6385,Mongolia,10/10/2023
100,Jori,Faley,jfaley2r@uiuc.edu,Female,495-707-5095,Nigeria,2/29/2024
101,Friedrick,Shaylor,fshaylor2s@plala.or.jp,Male,336-818-7100,China,10/19/2023
102,Elvina,Duggen,eduggen2t@reddit.com,Female,563-405-5449,Brazil,5/29/2024
103,Neysa,Manton,nmanton2u@360.cn,Female,540-607-9763,Mexico,11/11/2023
104,Coralie,Janaud,cjanaud2v@yahoo.com,Female,478-742-4245,Poland,6/10/2024
105,Urson,Neill,uneill2w@google.com.au,Male,887-824-0103,Argentina,2/26/2024
106,Welsh,Blamphin,wblamphin2x@gmpg.org,Male,913-632-0896,Armenia,10/28/2023
107,Avis,Gillio,agillio2y@yelp.com,Female,131-643-0490,China,1/16/2024
108,Bendick,Dealtry,bdealtry2z@un.org,Male,749-429-5440,Nepal,3/4/2024
109,Tiffie,Jerrams,tjerrams30@scribd.com,Genderqueer,453-930-1918,China,9/8/2023
110,Dorian,Lawrinson,dlawrinson31@vinaora.com,Female,675-639-5587,Russia,6/22/2024
111,Aidan,Krebs,akrebs32@free.fr,Female,560-952-5608,Bosnia and Herzegovina,1/29/2024
112,Aksel,Elsy,aelsy33@gnu.org,Male,227-396-5975,China,10/30/2023
113,Josias,Gillam,jgillam34@people.com.cn,Male,634-358-3599,Peru,8/7/2023
114,Saunderson,Nice,snice35@webnode.com,Male,112-475-3499,China,2/24/2024
115,Keri,Cuddy,kcuddy36@taobao.com,Female,166-700-1681,Indonesia,4/19/2024
116,Dean,Farrington,dfarrington37@tripadvisor.com,Male,474-555-9614,Colombia,3/12/2024
117,Lauri,Welbourn,lwelbourn38@illinois.edu,Female,772-653-0203,Brazil,9/3/2023
118,Christoforo,Spatari,cspatari39@springer.com,Male,415-673-3409,Nigeria,4/17/2024
119,Cathlene,Ingerfield,cingerfield3a@tripod.com,Female,713-324-2740,Haiti,1/28/2024
120,Marie,Cruise,mcruise3b@apple.com,Female,445-787-6649,Norway,11/29/2023
121,Merell,Jorio,mjorio3c@fc2.com,Male,545-451-5499,China,8/24/2023
122,Edmon,Eslie,eeslie3d@blogger.com,Male,322-250-5460,Ukraine,8/30/2023
123,Ag,Quayle,aquayle3e@joomla.org,Female,854-606-7501,Madagascar,9/25/2023
124,Felic,Barkway,fbarkway3f@e-recht24.de,Bigender,715-856-7123,Mexico,8/14/2023
125,Nadine,Franssen,nfranssen3g@webmd.com,Female,995-792-7056,Djibouti,10/28/2023
126,Viole,Landal,vlandal3h@alexa.com,Female,862-885-9543,United States,2/25/2024
127,Gertie,Spreull,gspreull3i@sphinn.com,Female,102-688-8986,Peru,11/7/2023
128,Beatriz,Ricciardi,bricciardi3j@reddit.com,Female,358-136-1076,Tanzania,10/7/2023
129,Cesare,Sarll,csarll3k@telegraph.co.uk,Male,507-833-2200,Poland,8/20/2023
130,Kirby,Regi,kregi3l@sciencedaily.com,Male,984-625-8350,Afghanistan,12/20/2023
131,Wood,McGaw,wmcgaw3m@1688.com,Male,743-682-0614,Czech Republic,1/13/2024
132,Bonita,McClelland,bmcclelland3n@sciencedirect.com,Female,978-225-7278,Pakistan,2/26/2024
133,Francklyn,Atherley,fatherley3o@twitpic.com,Male,892-356-7284,Peru,12/27/2023
134,Edward,Pilkinton,epilkinton3p@nba.com,Male,576-408-7423,Armenia,10/11/2023
135,Yehudit,Cattermull,ycattermull3q@hibu.com,Male,837-778-3289,Poland,4/8/2024
136,Shae,McKall,smckall3r@wp.com,Male,716-472-9234,Poland,10/17/2023
137,Gertrudis,Robiot,grobiot3s@cam.ac.uk,Female,586-991-3060,Nepal,12/17/2023
138,Nonnah,Rushford,nrushford3t@qq.com,Female,328-246-1616,Russia,7/2/2024
139,Auberta,Ridgedell,aridgedell3u@google.es,Female,929-305-8135,Indonesia,5/16/2024
140,Emily,Crippen,ecrippen3v@sitemeter.com,Female,349-997-1659,Czech Republic,11/8/2023
141,Ellette,Pifford,epifford3w@foxnews.com,Female,712-651-4453,Macedonia,3/30/2024
142,Gwenora,Aisthorpe,gaisthorpe3x@umich.edu,Female,604-559-0634,Poland,2/2/2024
143,Brigitte,Kunc,bkunc3y@xinhuanet.com,Non-binary,868-472-3017,Indonesia,5/12/2024
144,Shanan,McDuall,smcduall3z@amazon.co.uk,Male,260-411-8412,Mexico,4/8/2024
145,Frederic,Cheeld,fcheeld40@google.ca,Male,667-914-8000,Brazil,4/9/2024
146,Margalo,Buckthorp,mbuckthorp41@state.gov,Female,341-820-4974,China,5/8/2024
147,Greggory,Spatoni,gspatoni42@statcounter.com,Bigender,559-234-8246,Canada,11/3/2023
148,Enrico,Wimpeney,ewimpeney43@reverbnation.com,Male,313-341-4194,China,2/29/2024
149,Melony,Prisley,mprisley44@usda.gov,Female,543-663-4257,Colombia,1/24/2024
150,Dannel,Fairtlough,dfairtlough45@webnode.com,Male,217-981-4157,Philippines,10/12/2023
151,Sascha,Pavis,spavis46@yahoo.co.jp,Male,855-653-3145,Azerbaijan,4/5/2024
152,Dermot,MacNeilage,dmacneilage47@hexun.com,Male,900-777-3606,Peru,8/17/2023
153,Kristal,Thomsen,kthomsen48@addtoany.com,Polygender,449-911-1677,Sri Lanka,8/8/2023
154,Tracy,Norster,tnorster49@pen.io,Female,940-305-3204,Panama,9/29/2023
155,Iolande,Matisoff,imatisoff4a@etsy.com,Female,528-658-7311,Philippines,1/22/2024
156,Chlo,Goldstone,cgoldstone4b@nifty.com,Bigender,906-515-8406,Indonesia,12/14/2023
157,Sky,Whytock,swhytock4c@wsj.com,Male,320-447-2619,Greece,3/10/2024
158,Betteann,Duguid,bduguid4d@umich.edu,Female,147-395-8608,Russia,2/7/2024
159,Kaitlin,Ipwell,kipwell4e@telegraph.co.uk,Female,286-547-2113,South Korea,5/29/2024
160,Gunter,Mapstone,gmapstone4f@multiply.com,Male,321-366-3365,Portugal,10/28/2023
161,Leonid,Spritt,lspritt4g@cnet.com,Male,661-865-1832,Egypt,9/17/2023
162,Bondie,Dryburgh,bdryburgh4h@google.ca,Male,288-850-0028,Cuba,9/21/2023
163,Hamid,Burcombe,hburcombe4i@microsoft.com,Male,489-705-2162,Indonesia,3/8/2024
164,Tanney,Southcombe,tsouthcombe4j@blogspot.com,Bigender,433-637-0953,Israel,12/21/2023
165,Mart,Quelch,mquelch4k@bing.com,Male,483-398-2757,Colombia,9/6/2023
166,Zelig,Hauch,zhauch4l@elpais.com,Male,310-317-7347,France,4/12/2024
167,Ebba,Fattori,efattori4m@mapy.cz,Female,681-564-5690,Sweden,2/26/2024
168,Hynda,Beardsell,hbeardsell4n@flavors.me,Female,680-103-8117,Finland,11/5/2023
169,Henryetta,Cains,hcains4o@businesswire.com,Female,933-376-9755,China,4/23/2024
170,Saleem,Smillie,ssmillie4p@cornell.edu,Male,913-651-6346,Philippines,9/22/2023
171,Munmro,Jakoubek,mjakoubek4q@nps.gov,Male,932-947-6259,China,7/14/2023
172,Jodi,Spittle,jspittle4r@slate.com,Male,933-257-2557,Brazil,3/14/2024
173,Lenora,Paramore,lparamore4s@addtoany.com,Female,904-645-9904,Argentina,3/18/2024
174,Susette,Lowle,slowle4t@java.com,Female,402-520-5049,China,4/18/2024
175,Fan,Skouling,fskouling4u@phoca.cz,Female,358-308-3112,Guinea,10/7/2023
176,Alf,Clemmey,aclemmey4v@symantec.com,Male,142-371-4410,Indonesia,3/4/2024
177,Anne-marie,Duckerin,aduckerin4w@yolasite.com,Female,219-221-1065,United States,1/22/2024
178,Toddie,Eingerfield,teingerfield4x@geocities.jp,Non-binary,179-590-1589,Philippines,9/5/2023
179,Dare,Dillway,ddillway4y@ustream.tv,Male,689-862-7380,Finland,9/21/2023
180,Teodora,Lattos,tlattos4z@upenn.edu,Female,530-203-2013,Philippines,5/4/2024
181,Friederike,Roman,froman50@constantcontact.com,Female,382-285-1397,Peru,6/7/2024
182,Hatti,Dolby,hdolby51@soup.io,Female,270-129-2786,Indonesia,4/11/2024
183,Terza,Scheffler,tscheffler52@blog.com,Female,878-751-9864,China,9/23/2023
184,Heath,Waywell,hwaywell53@vkontakte.ru,Male,801-735-6738,Brazil,9/26/2023
185,Kerstin,Havik,khavik54@sbwire.com,Female,370-634-3222,East Timor,10/2/2023
186,Courtnay,McGready,cmcgready55@wiley.com,Male,895-595-4552,Philippines,12/8/2023
187,Horacio,Gimbart,hgimbart56@youtu.be,Male,197-238-4035,Czech Republic,11/15/2023
188,Gaspard,Tilson,gtilson57@narod.ru,Male,874-608-8591,Albania,4/24/2024
189,Averil,Vedekhov,avedekhov58@livejournal.com,Agender,739-182-6937,France,11/24/2023
190,Sandie,Becaris,sbecaris59@cbsnews.com,Female,394-517-7842,China,1/4/2024
191,Britte,Longley,blongley5a@dropbox.com,Female,237-154-0054,Russia,3/21/2024
192,Marigold,Champe,mchampe5b@virginia.edu,Female,916-127-7586,Ukraine,9/1/2023
193,Cassaundra,Lampard,clampard5c@trellian.com,Female,221-940-0195,Poland,5/21/2024
194,Calida,Swabey,cswabey5d@xinhuanet.com,Female,129-115-9219,Democratic Republic of the Congo,8/14/2023
195,Darleen,Sherel,dsherel5e@vkontakte.ru,Female,622-941-0594,China,1/13/2024
196,Ring,Hylton,rhylton5f@privacy.gov.au,Male,308-879-2229,Morocco,1/22/2024
197,Kym,Gilfoyle,kgilfoyle5g@indiegogo.com,Female,175-989-7460,China,11/12/2023
198,Liz,Rosebotham,lrosebotham5h@yale.edu,Female,772-462-3838,Bosnia and Herzegovina,1/6/2024
199,Yard,Sturdey,ysturdey5i@dmoz.org,Bigender,819-917-1401,Czech Republic,1/19/2024
200,Cherilynn,Matovic,cmatovic5j@dailymotion.com,Female,291-518-4949,France,11/4/2023
201,Lou,MacKean,lmackean5k@adobe.com,Female,667-225-8241,Pakistan,6/6/2024
202,Dionis,Walbrook,dwalbrook5l@home.pl,Agender,897-456-2902,France,8/13/2023
203,Stillman,Abramovicz,sabramovicz5m@cafepress.com,Male,216-852-6045,Colombia,11/2/2023
204,Herve,Mattholie,hmattholie5n@purevolume.com,Male,272-295-3240,Germany,12/27/2023
205,Harriott,Sarchwell,hsarchwell5o@storify.com,Female,890-935-7229,Bangladesh,2/24/2024
206,Rustin,Kassman,rkassman5p@dagondesign.com,Male,570-304-4701,Philippines,5/12/2024
207,Fabien,Buffham,fbuffham5q@mashable.com,Male,137-680-4612,Brazil,12/7/2023
208,Coleen,Keays,ckeays5r@ebay.co.uk,Female,547-885-0367,Indonesia,5/31/2024
209,Nettle,Colville,ncolville5s@prnewswire.com,Female,305-862-7241,Libya,12/14/2023
210,Harman,Ravillas,hravillas5t@admin.ch,Agender,354-768-2934,Israel,2/10/2024
211,Minni,Arnaudet,marnaudet5u@uiuc.edu,Female,500-907-0709,Sweden,12/14/2023
212,Nilson,Claughton,nclaughton5v@bizjournals.com,Male,979-970-5163,Sierra Leone,4/15/2024
213,Jennie,McAulay,jmcaulay5w@hatena.ne.jp,Bigender,659-815-4937,Brazil,11/22/2023
214,Maxwell,Cahalin,mcahalin5x@cyberchimps.com,Male,699-121-5959,China,6/21/2024
215,Darsey,Horley,dhorley5y@army.mil,Female,957-486-9344,China,8/29/2023
216,Gilligan,Courtliff,gcourtliff5z@noaa.gov,Female,301-447-9191,China,1/14/2024
217,Maribeth,MacDermott,mmacdermott60@squidoo.com,Female,655-589-4109,Central African Republic,3/31/2024
218,Wayne,Bridywater,wbridywater61@google.de,Male,894-732-5813,Portugal,5/30/2024
219,Hugibert,Ramirez,hramirez62@over-blog.com,Male,407-662-8675,Netherlands,1/14/2024
220,Tandi,Hrycek,thrycek63@imdb.com,Genderqueer,727-520-2354,United States,5/30/2024
221,Cass,Pinke,cpinke64@who.int,Female,910-669-1593,France,12/10/2023
222,Gabbie,McKinnon,gmckinnon65@gizmodo.com,Female,167-570-0159,Peru,8/22/2023
223,Jaquenetta,Bollins,jbollins66@google.cn,Female,228-513-9897,China,3/20/2024
224,Jan,Friatt,jfriatt67@howstuffworks.com,Male,575-952-9458,Mexico,6/14/2024
225,Jenelle,Sandle,jsandle68@un.org,Female,649-746-3400,China,9/21/2023
226,Bonnibelle,Dellow,bdellow69@si.edu,Female,882-595-1386,Canada,12/9/2023
227,Anderson,Elvish,aelvish6a@nhs.uk,Male,315-641-1755,Philippines,7/27/2023
228,Inigo,Hartzog,ihartzog6b@wsj.com,Male,123-470-9921,China,2/3/2024
229,Leona,Beamand,lbeamand6c@livejournal.com,Genderqueer,551-908-1508,China,6/29/2024
230,Silva,Kelshaw,skelshaw6d@skype.com,Female,380-957-0980,Yemen,9/26/2023
231,Anissa,Seamark,aseamark6e@cdc.gov,Female,896-665-0657,China,11/14/2023
232,Leigh,Franklyn,lfranklyn6f@cam.ac.uk,Female,795-293-9002,Indonesia,7/15/2023
233,Ilaire,Abden,iabden6g@sourceforge.net,Male,594-186-4269,Brazil,7/16/2023
234,Garreth,Daviot,gdaviot6h@eepurl.com,Male,184-636-4209,Indonesia,4/17/2024
235,Al,Taylerson,ataylerson6i@netscape.com,Male,329-764-8312,China,8/16/2023
236,Ansel,Portigall,aportigall6j@paginegialle.it,Male,461-473-8803,Nigeria,2/21/2024
237,Nataline,Dietz,ndietz6k@unblog.fr,Female,814-684-9435,China,12/13/2023
238,Mathias,Aviss,maviss6l@java.com,Male,615-515-9390,France,4/25/2024
239,Jozef,Orsman,jorsman6m@japanpost.jp,Male,318-258-3926,Indonesia,7/16/2023
240,Ker,Steeden,ksteeden6n@elegantthemes.com,Male,718-425-9885,Philippines,9/17/2023
241,Orelle,Rickersy,orickersy6o@dot.gov,Female,778-825-8342,Dominican Republic,10/5/2023
242,Velvet,Milsap,vmilsap6p@ox.ac.uk,Female,280-151-2608,American Samoa,11/25/2023
243,Christal,Caine,ccaine6q@amazon.co.uk,Non-binary,246-305-5827,Indonesia,4/16/2024
244,Roman,Causton,rcauston6r@harvard.edu,Male,740-908-8978,China,12/17/2023
245,Dagmar,Nagle,dnagle6s@domainmarket.com,Female,412-660-2066,Portugal,12/10/2023
246,Jeralee,Lghan,jlghan6t@rakuten.co.jp,Female,708-258-8898,China,5/18/2024
247,Gweneth,Meenan,gmeenan6u@eepurl.com,Female,996-177-0685,Poland,10/26/2023
248,Ailbert,Blesli,ablesli6v@ocn.ne.jp,Male,217-388-7684,Indonesia,6/19/2024
249,Mack,Wrightim,mwrightim6w@lulu.com,Male,995-562-5093,China,9/25/2023
250,Benedicto,Cleghorn,bcleghorn6x@samsung.com,Male,482-537-0685,Russia,1/18/2024
251,Bartholemy,Allder,ballder6y@posterous.com,Male,174-774-2462,Indonesia,3/26/2024
252,Iolanthe,Fomichyov,ifomichyov6z@hhs.gov,Female,447-720-4205,France,5/18/2024
253,Hanson,McSperron,hmcsperron70@slate.com,Male,709-937-7603,Russia,3/3/2024
254,Danella,Gheerhaert,dgheerhaert71@wikispaces.com,Female,142-225-0960,Palestinian Territory,8/27/2023
255,Sancho,Attenburrow,sattenburrow72@europa.eu,Male,269-275-1026,Peru,1/2/2024
256,Baldwin,Jerzycowski,bjerzycowski73@wix.com,Male,580-352-3375,Russia,5/2/2024
257,Donnie,Merry,dmerry74@cdc.gov,Male,130-295-0199,Greece,5/4/2024
258,Marcel,Bangley,mbangley75@about.com,Male,536-618-1215,Dominican Republic,12/18/2023
259,Rodi,Capitano,rcapitano76@taobao.com,Female,576-706-5164,Ireland,5/12/2024
260,Bink,Hugo,bhugo77@ocn.ne.jp,Male,163-303-5331,Mexico,1/30/2024
261,Gaven,Muzzlewhite,gmuzzlewhite78@prweb.com,Male,185-872-3044,Serbia,10/7/2023
262,Haroun,Wilshire,hwilshire79@adobe.com,Male,666-973-4485,Japan,12/27/2023
263,Aridatha,Mackney,amackney7a@mozilla.com,Female,266-991-3491,Greece,11/19/2023
264,Karney,Tolworth,ktolworth7b@unicef.org,Male,445-745-8933,China,9/2/2023
265,Munmro,Glavin,mglavin7c@woothemes.com,Male,792-492-4381,Nigeria,3/10/2024
266,Russell,Schimank,rschimank7d@studiopress.com,Male,202-153-3195,United States,8/17/2023
267,Shea,Eastmead,seastmead7e@va.gov,Male,126-692-9539,China,3/15/2024
268,Jock,Emmanuele,jemmanuele7f@uiuc.edu,Male,233-699-4946,Russia,6/8/2024
269,Derrek,Oldcote,doldcote7g@newyorker.com,Male,617-999-6022,Indonesia,9/5/2023
270,Siffre,Snadden,ssnadden7h@boston.com,Male,116-739-3859,Mongolia,9/5/2023
271,Everard,Gadman,egadman7i@google.ru,Male,100-699-3806,China,8/21/2023
272,Emmie,Coveney,ecoveney7j@nsw.gov.au,Female,422-419-1853,China,7/5/2024
273,Yardley,Kytley,ykytley7k@google.nl,Male,487-508-6787,Tanzania,2/11/2024
274,Alf,Coucha,acoucha7l@archive.org,Male,240-969-7214,Mexico,4/12/2024
275,Tobie,Grgic,tgrgic7m@google.com.au,Male,936-118-6947,China,12/15/2023
276,Merralee,Cissell,mcissell7n@apple.com,Female,299-508-2220,Norway,2/29/2024
277,Andria,Gatty,agatty7o@msu.edu,Genderqueer,896-356-1724,Portugal,10/19/2023
278,Britte,Sawnwy,bsawnwy7p@chron.com,Female,828-223-8325,Brazil,2/10/2024
279,Nicol,Hindrick,nhindrick7q@livejournal.com,Female,895-208-6850,China,8/6/2023
280,Hans,Nassy,hnassy7r@ovh.net,Male,100-995-9278,Indonesia,10/29/2023
281,Dorri,Granleese,dgranleese7s@e-recht24.de,Female,700-624-6793,France,1/1/2024
282,Sophi,Laverick,slaverick7t@jugem.jp,Agender,594-273-8726,Italy,1/19/2024
283,Max,Blanch,mblanch7u@vistaprint.com,Male,716-290-2915,Russia,4/17/2024
284,Efren,Haggith,ehaggith7v@wikia.com,Male,402-500-6350,United States,6/27/2024
285,Lenora,Soame,lsoame7w@opera.com,Female,948-235-8730,Bulgaria,5/21/2024
286,Jannel,Kealy,jkealy7x@chicagotribune.com,Female,914-196-9334,Indonesia,9/5/2023
287,Judas,Branca,jbranca7y@eepurl.com,Male,665-228-6129,Greece,12/1/2023
288,Lothaire,Polycote,lpolycote7z@google.com.au,Male,801-100-8851,China,9/23/2023
289,Jaine,Essel,jessel80@ucoz.ru,Genderqueer,987-637-1772,China,5/4/2024
290,Reinwald,Ravel,rravel81@nbcnews.com,Male,823-363-5174,Portugal,2/19/2024
291,Osgood,Kuhne,okuhne82@upenn.edu,Male,120-401-5757,Uzbekistan,1/17/2024
292,Maurene,Penelli,mpenelli83@businesswire.com,Female,843-496-1873,Morocco,3/6/2024
293,Shellysheldon,Speddin,sspeddin84@bing.com,Male,232-448-8168,China,3/13/2024
294,Milena,Hartnup,mhartnup85@sohu.com,Female,615-586-5811,United States,6/9/2024
295,Juliann,Fourcade,jfourcade86@toplist.cz,Female,645-221-0544,China,7/6/2024
296,Shirlee,Creswell,screswell87@marketwatch.com,Female,655-740-1458,China,10/11/2023
297,Carey,Garfit,cgarfit88@paypal.com,Female,798-657-1085,Iran,10/28/2023
298,Bone,Kubelka,bkubelka89@eventbrite.com,Male,353-983-1350,Thailand,12/16/2023
299,Roobbie,Firsby,rfirsby8a@wiley.com,Female,242-138-8723,China,2/2/2024
300,Kennett,Berget,kberget8b@mapquest.com,Male,341-754-0339,Indonesia,6/10/2024
301,Delphine,Burdekin,dburdekin8c@gov.uk,Female,935-168-7017,Denmark,12/9/2023
302,Devina,Potte,dpotte8d@senate.gov,Female,451-253-5006,Philippines,9/10/2023
303,Kristen,Lawther,klawther8e@1688.com,Female,124-781-6082,Indonesia,6/4/2024
304,Cele,Escala,cescala8f@businessweek.com,Female,703-973-0067,China,5/15/2024
305,Moises,McLay,mmclay8g@photobucket.com,Male,843-395-2443,Madagascar,4/30/2024
306,Joeann,Saines,jsaines8h@dmoz.org,Female,502-268-3782,Mongolia,3/5/2024
307,Domeniga,Hacon,dhacon8i@deliciousdays.com,Female,391-995-8190,Brazil,7/6/2024
308,Cinda,Blackford,cblackford8j@chicagotribune.com,Female,642-167-1136,Malaysia,3/15/2024
309,Lemar,Niesegen,lniesegen8k@blogger.com,Male,930-574-7686,Croatia,6/22/2024
310,Zared,Scatchar,zscatchar8l@hao123.com,Male,514-283-1898,South Korea,7/3/2024
311,Amelita,Heijne,aheijne8m@admin.ch,Female,164-641-9880,Russia,5/14/2024
312,Lorraine,Doul,ldoul8n@europa.eu,Female,320-682-3288,Argentina,12/11/2023
313,Blane,Pawson,bpawson8o@princeton.edu,Genderqueer,931-916-6672,Argentina,2/7/2024
314,Renaud,Rupert,rrupert8p@cisco.com,Male,236-463-4795,Mexico,6/15/2024
315,Laureen,Cottier,lcottier8q@hhs.gov,Female,962-542-8647,China,1/3/2024
316,Ross,Blaasch,rblaasch8r@macromedia.com,Male,487-685-7098,Greece,4/29/2024
317,Chico,Bysouth,cbysouth8s@digg.com,Male,506-397-7348,Panama,12/8/2023
318,Araldo,Corstorphine,acorstorphine8t@wsj.com,Male,229-334-3471,Sweden,7/23/2023
319,Roth,Tulloch,rtulloch8u@biblegateway.com,Male,841-996-0750,Syria,2/5/2024
320,Rogerio,McIvor,rmcivor8v@hubpages.com,Male,679-861-7672,Vietnam,11/4/2023
321,Bink,Reavey,breavey8w@flickr.com,Male,668-822-7933,Czech Republic,4/3/2024
322,Marinna,Alexandersen,malexandersen8x@noaa.gov,Genderqueer,158-650-3033,China,8/20/2023
323,Yehudi,Blincko,yblincko8y@newsvine.com,Male,477-767-2199,Japan,10/20/2023
324,Myrta,Barten,mbarten8z@dailymotion.com,Female,133-404-2455,Argentina,12/27/2023
325,Arie,Restieaux,arestieaux90@google.fr,Male,825-966-7287,Mongolia,12/27/2023
326,Agosto,Kubecka,akubecka91@huffingtonpost.com,Male,397-590-5086,China,7/11/2023
327,Dolly,Tait,dtait92@opensource.org,Female,955-943-3937,China,5/28/2024
328,Augustine,Beckinsale,abeckinsale93@answers.com,Male,290-316-0805,Philippines,12/13/2023
329,Gun,Chalker,gchalker94@reference.com,Male,292-799-4359,China,8/7/2023
330,Carrie,Matic,cmatic95@blogtalkradio.com,Female,806-460-6258,Greece,11/11/2023
331,Kathryn,Petraitis,kpetraitis96@house.gov,Female,947-566-3930,Brazil,5/1/2024
332,Dru,Leal,dleal97@un.org,Polygender,459-912-8122,France,7/23/2023
333,Valle,Coote,vcoote98@example.com,Male,720-782-0298,Peru,1/8/2024
334,Thorsten,Entwhistle,tentwhistle99@goodreads.com,Male,629-358-1329,Haiti,2/29/2024
335,Emmerich,Savidge,esavidge9a@myspace.com,Male,221-238-8017,Oman,7/18/2023
336,Morgan,Ranklin,mranklin9b@independent.co.uk,Male,954-174-4728,Indonesia,9/7/2023
337,Suzy,Castrillo,scastrillo9c@webs.com,Agender,856-736-7866,United States,10/15/2023
338,Janna,Ivashnyov,jivashnyov9d@eventbrite.com,Bigender,458-959-1853,Brazil,11/17/2023
339,Brandi,Gueny,bgueny9e@latimes.com,Female,987-638-9630,Indonesia,5/11/2024
340,Bart,Girdlestone,bgirdlestone9f@ucla.edu,Male,140-141-1240,Portugal,10/7/2023
341,Francisco,Duckitt,fduckitt9g@hud.gov,Bigender,437-449-5176,Brazil,10/7/2023
342,Audrie,Stephens,astephens9h@microsoft.com,Female,118-301-2502,Czech Republic,5/10/2024
343,Arleta,Gettings,agettings9i@army.mil,Female,765-321-4094,Brazil,8/25/2023
344,Stephani,Tulloch,stulloch9j@furl.net,Female,467-492-1348,Sweden,10/20/2023
345,Janessa,Flooks,jflooks9k@biblegateway.com,Female,191-994-9085,Colombia,8/17/2023
346,Nannette,Mansuer,nmansuer9l@fda.gov,Female,960-221-8732,Mali,9/29/2023
347,Marje,Morpeth,mmorpeth9m@npr.org,Female,289-465-9827,Mauritius,7/20/2023
348,Benedetta,Minshaw,bminshaw9n@microsoft.com,Female,950-503-0397,Ethiopia,10/31/2023
349,Teodoro,Swatheridge,tswatheridge9o@cdc.gov,Male,914-206-7138,Costa Rica,8/18/2023
350,Gregg,Dyster,gdyster9p@sphinn.com,Male,452-388-5706,Indonesia,8/9/2023
351,Arlinda,Ranfield,aranfield9q@opera.com,Female,905-644-3571,Poland,9/4/2023
352,Honey,Petegrew,hpetegrew9r@mlb.com,Female,718-991-7560,Madagascar,11/5/2023
353,Zoe,Furst,zfurst9s@blog.com,Female,535-994-4067,Russia,3/20/2024
354,Onofredo,Coughlan,ocoughlan9t@about.me,Male,432-428-8338,Canada,5/22/2024
355,Sandy,Bridal,sbridal9u@tiny.cc,Agender,453-309-9584,Brazil,12/1/2023
356,Sella,Cufflin,scufflin9v@theatlantic.com,Female,212-511-3198,Armenia,6/18/2024
357,Eldin,Long,elong9w@google.com.au,Male,226-334-7377,Sweden,6/23/2024
358,Hiram,Phethean,hphethean9x@si.edu,Male,557-931-9698,China,12/17/2023
359,Dudley,Kennady,dkennady9y@toplist.cz,Male,978-915-7204,France,12/27/2023
360,Tomi,Jirka,tjirka9z@marketwatch.com,Female,983-853-4649,China,5/21/2024
361,Camala,Hatherill,chatherilla0@g.co,Female,917-346-8126,China,8/3/2023
362,Pincus,Brewse,pbrewsea1@vistaprint.com,Genderqueer,140-917-4768,Brazil,10/24/2023
363,Birk,Veeler,bveelera2@phoca.cz,Male,524-163-9359,Panama,11/16/2023
364,Lanie,Zavattieri,lzavattieria3@kickstarter.com,Non-binary,224-600-8817,Czech Republic,10/15/2023
365,Colline,Husby,chusbya4@rambler.ru,Female,851-214-3010,Greece,2/29/2024
366,Coleen,Cranch,ccrancha5@addthis.com,Genderqueer,695-279-1611,Thailand,12/28/2023
367,Sigismundo,Keeping,skeepinga6@zimbio.com,Male,673-198-3350,Philippines,1/2/2024
368,Bogey,MacMakin,bmacmakina7@oaic.gov.au,Male,345-964-1063,Indonesia,5/24/2024
369,Kevyn,Carsey,kcarseya8@mlb.com,Female,574-432-5076,Indonesia,8/4/2023
370,Maggee,Rooke,mrookea9@businessinsider.com,Female,332-146-1728,Czech Republic,5/10/2024
371,Rich,Pohlak,rpohlakaa@sohu.com,Male,476-574-5943,Indonesia,4/7/2024
372,Lauritz,Rochester,lrochesterab@google.co.uk,Male,462-549-1616,France,5/21/2024
373,Tynan,Kender,tkenderac@prweb.com,Genderqueer,949-517-3251,Honduras,5/28/2024
374,Karlik,Scibsey,kscibseyad@theatlantic.com,Male,267-334-6799,Palestinian Territory,4/8/2024
375,Shamus,Timothy,stimothyae@mail.ru,Male,757-866-5823,Mexico,8/3/2023
376,Olivier,Mugglestone,omugglestoneaf@google.nl,Male,540-911-6162,Nigeria,9/30/2023
377,Perle,Blomfield,pblomfieldag@mit.edu,Female,626-342-4131,United States,12/3/2023
378,Marissa,Matula,mmatulaah@hexun.com,Female,979-574-9301,Australia,5/27/2024
379,Carlyle,Doniso,cdonisoai@sbwire.com,Male,342-138-1809,France,2/8/2024
380,Kevon,Cootes,kcootesaj@purevolume.com,Non-binary,989-261-9741,Poland,3/31/2024
381,Augie,Birdwhistle,abirdwhistleak@oaic.gov.au,Male,638-160-6348,Peru,9/16/2023
382,Allin,Kroon,akroonal@google.pl,Male,356-100-0667,China,12/26/2023
383,Gard,MacCulloch,gmaccullocham@lulu.com,Male,957-843-8515,Philippines,8/7/2023
384,Vinny,Dochon,vdochonan@amazon.co.jp,Female,433-530-4106,Sweden,1/7/2024
385,Roanna,O'Carrol,rocarrolao@virginia.edu,Female,625-900-6309,Japan,9/5/2023
386,Andie,Pettyfar,apettyfarap@squarespace.com,Female,935-486-8824,China,3/21/2024
387,Romonda,Stolberger,rstolbergeraq@mlb.com,Female,626-565-9286,Indonesia,12/3/2023
388,Cleve,O'Bradane,cobradanear@ustream.tv,Male,938-398-0251,Slovenia,2/11/2024
389,Paolina,Sancias,psanciasas@pen.io,Female,604-318-7282,Peru,6/15/2024
390,Mariska,Rupp,mruppat@pagesperso-orange.fr,Female,319-369-8280,Sweden,7/17/2023
391,Sibelle,Trent,strentau@upenn.edu,Female,579-683-0638,Indonesia,1/16/2024
392,Tabitha,Capey,tcapeyav@technorati.com,Female,859-723-6248,Philippines,12/12/2023
393,Riobard,Marunchak,rmarunchakaw@drupal.org,Male,862-788-5637,China,1/13/2024
394,Abrahan,Crock,acrockax@wikimedia.org,Male,529-234-4384,Indonesia,6/18/2024
395,Annmaria,Smolan,asmolanay@dedecms.com,Female,415-624-2587,Albania,3/1/2024
396,Creight,Askem,caskemaz@delicious.com,Male,647-810-2928,Iraq,3/2/2024
397,Erica,Birts,ebirtsb0@ted.com,Female,861-383-0632,Czech Republic,4/29/2024
398,Fionnula,Dominey,fdomineyb1@bing.com,Female,235-559-2377,Ukraine,3/27/2024
399,Wakefield,Gillbee,wgillbeeb2@vimeo.com,Male,571-606-6583,Czech Republic,6/24/2024
400,Edithe,Gelardi,egelardib3@fema.gov,Female,741-361-6992,Ireland,12/10/2023
401,Murdock,Imlach,mimlachb4@cdbaby.com,Male,609-353-0038,China,12/26/2023
402,Mike,Roughan,mroughanb5@liveinternet.ru,Male,632-392-9188,Madagascar,8/27/2023
403,Danika,Delafoy,ddelafoyb6@w3.org,Genderqueer,246-243-2788,China,11/23/2023
404,Gayelord,Lapslie,glapslieb7@deliciousdays.com,Male,753-875-2745,Portugal,9/15/2023
405,Colman,Wilce,cwilceb8@upenn.edu,Male,382-989-8024,South Africa,4/13/2024
406,Joycelin,Bowich,jbowichb9@baidu.com,Genderqueer,365-863-7022,Costa Rica,11/23/2023
407,Pollyanna,Kerins,pkerinsba@icio.us,Female,637-863-1794,China,8/27/2023
408,Naoma,Georgelin,ngeorgelinbb@live.com,Female,168-539-3536,Russia,3/21/2024
409,Sibbie,Virgo,svirgobc@sina.com.cn,Female,420-162-1145,Brazil,12/27/2023
410,Dickie,Gwyn,dgwynbd@123-reg.co.uk,Male,761-532-9220,Sweden,11/5/2023
411,De,Wanklin,dwanklinbe@google.com.hk,Female,241-961-0388,Portugal,12/8/2023
412,Lemuel,Weddeburn - Scrimgeour,lweddeburnscrimgeourbf@myspace.com,Male,952-191-4444,Colombia,8/21/2023
413,Laetitia,Dingley,ldingleybg@marketwatch.com,Female,210-761-7247,Indonesia,1/17/2024
414,Fawne,Dallemore,fdallemorebh@theguardian.com,Female,894-835-3821,Indonesia,11/14/2023
415,Carney,McPherson,cmcphersonbi@lulu.com,Male,741-254-1952,Macedonia,3/24/2024
416,Ardyth,Weild,aweildbj@google.ru,Female,943-528-0047,Sweden,2/9/2024
417,Napoleon,Ruggs,nruggsbk@last.fm,Male,576-635-7059,Afghanistan,10/21/2023
418,Dukey,Stoffels,dstoffelsbl@deviantart.com,Male,828-349-5149,China,1/28/2024
419,Albertina,Elstone,aelstonebm@webmd.com,Female,654-831-9726,Belarus,12/26/2023
420,Lynna,Shawl,lshawlbn@who.int,Female,749-228-4037,China,9/18/2023
421,Haywood,Peealess,hpeealessbo@51.la,Male,148-578-0135,South Africa,3/19/2024
422,Eula,Katzmann,ekatzmannbp@joomla.org,Female,405-169-8066,Indonesia,5/20/2024
423,Damaris,Bartlam,dbartlambq@vinaora.com,Non-binary,657-613-5143,Bolivia,10/10/2023
424,Dom,Machin,dmachinbr@berkeley.edu,Male,715-568-0138,France,6/30/2024
425,Kandy,Binney,kbinneybs@cloudflare.com,Female,771-926-7992,New Zealand,1/15/2024
426,Sigfried,Groarty,sgroartybt@delicious.com,Agender,722-799-3074,China,7/29/2023
427,Bradley,Newey,bneweybu@shutterfly.com,Male,603-457-4397,Indonesia,1/20/2024
428,Arabel,Manuaud,amanuaudbv@cloudflare.com,Female,894-454-1802,Estonia,5/17/2024
429,Gordan,Bebbell,gbebbellbw@mac.com,Male,415-486-7962,Sweden,6/20/2024
430,Floris,Close,fclosebx@illinois.edu,Female,617-116-6355,Brazil,3/7/2024
431,Augy,Dabnor,adabnorby@mapquest.com,Male,273-715-3195,Indonesia,3/16/2024
432,Gregoire,Vondrach,gvondrachbz@nationalgeographic.com,Male,158-685-2343,China,5/16/2024
433,Royall,Lynam,rlynamc0@mac.com,Male,633-627-5649,Zambia,7/5/2024
434,Candis,Glidden,cgliddenc1@ibm.com,Female,602-179-3687,China,12/11/2023
435,Cosmo,Burstow,cburstowc2@who.int,Male,638-656-6536,China,9/20/2023
436,Sinclair,Wiburn,swiburnc3@dagondesign.com,Male,276-800-8428,Thailand,11/15/2023
437,Amos,Schneidau,aschneidauc4@cafepress.com,Male,915-308-2315,China,10/6/2023
438,Harley,Hender,hhenderc5@uiuc.edu,Male,507-526-8692,Philippines,1/15/2024
439,Toddy,Jessett,tjessettc6@elpais.com,Male,763-473-5666,Brazil,5/12/2024
440,Lu,Kynton,lkyntonc7@noaa.gov,Female,658-187-9158,China,10/30/2023
441,Seymour,Jirasek,sjirasekc8@walmart.com,Male,304-238-1122,Russia,9/1/2023
442,Jany,Larkings,jlarkingsc9@bbc.co.uk,Female,654-849-0188,Indonesia,8/18/2023
443,Chip,Jiggle,cjiggleca@ovh.net,Male,167-842-5481,Indonesia,6/7/2024
444,Benni,Ottey,botteycb@ebay.co.uk,Female,198-823-4457,Indonesia,8/15/2023
445,Zak,Glavias,zglaviascc@rediff.com,Male,888-631-0873,Bulgaria,10/5/2023
446,Somerset,Perrycost,sperrycostcd@springer.com,Male,421-385-5619,Russia,8/7/2023
447,Kylynn,Widdop,kwiddopce@walmart.com,Non-binary,433-974-1155,Bolivia,8/15/2023
448,Anne,Bartoli,abartolicf@facebook.com,Non-binary,872-499-6362,China,9/2/2023
449,Krisha,MacGovern,kmacgoverncg@qq.com,Male,472-106-6578,Argentina,11/16/2023
450,Jamie,Gladeche,jgladechech@blogtalkradio.com,Female,327-554-6802,Panama,1/1/2024
451,Violet,Anthonies,vanthoniesci@dagondesign.com,Female,633-832-2124,Philippines,1/16/2024
452,Dunstan,Aspray,daspraycj@dyndns.org,Male,305-921-1674,United States,4/24/2024
453,Lamar,Reckhouse,lreckhouseck@about.com,Male,852-729-9101,Bulgaria,4/7/2024
454,Dulce,Whiten,dwhitencl@nsw.gov.au,Female,349-737-1006,Serbia,3/6/2024
455,Chevy,Rubertelli,crubertellicm@hugedomains.com,Male,953-814-7617,Indonesia,7/6/2024
456,Janean,O' Dooley,jodooleycn@usa.gov,Female,881-610-9914,Philippines,9/30/2023
457,Read,Cartmel,rcartmelco@g.co,Male,691-509-0131,Nepal,5/1/2024
458,Glen,Silk,gsilkcp@bluehost.com,Male,882-653-0951,Israel,6/18/2024
459,Melessa,Northley,mnorthleycq@mozilla.com,Female,971-599-2052,United States,10/4/2023
460,Horton,Sculpher,hsculphercr@bloglines.com,Male,294-928-8579,Philippines,8/28/2023
461,Vassili,Hartopp,vhartoppcs@telegraph.co.uk,Male,188-274-0705,China,3/23/2024
462,Antoine,Southall,asouthallct@amazon.de,Male,350-865-3838,Brazil,1/3/2024
463,Frederik,Hemeret,fhemeretcu@vkontakte.ru,Male,189-429-6031,Sweden,10/26/2023
464,Jeffy,Dudson,jdudsoncv@themeforest.net,Male,770-532-0731,Indonesia,10/12/2023
465,Cordey,Rotter,crottercw@prlog.org,Polygender,211-326-2546,Sweden,1/3/2024
466,Christy,Liddard,cliddardcx@shareasale.com,Male,375-814-4500,China,4/4/2024
467,Lizette,Saffell,lsaffellcy@hao123.com,Female,877-588-6898,United Kingdom,9/8/2023
468,Mimi,Tathacott,mtathacottcz@earthlink.net,Non-binary,456-196-7364,North Korea,7/24/2023
469,Lissa,Hearl,lhearld0@multiply.com,Female,818-146-8282,Poland,12/10/2023
470,Olvan,Hoyes,ohoyesd1@usgs.gov,Male,890-786-9556,Morocco,11/4/2023
471,Stafani,Olechnowicz,solechnowiczd2@examiner.com,Bigender,229-285-2871,China,8/28/2023
472,Zelig,Carney,zcarneyd3@1688.com,Male,491-153-2588,Indonesia,4/23/2024
473,Davina,Cubbinelli,dcubbinellid4@freewebs.com,Female,551-286-2911,Argentina,1/10/2024
474,Paloma,Gagin,pgagind5@imgur.com,Female,913-498-4084,Indonesia,6/28/2024
475,Zach,Nyssen,znyssend6@taobao.com,Male,655-145-4041,Bulgaria,6/30/2024
476,Myrna,Fiander,mfianderd7@independent.co.uk,Female,455-472-6977,Denmark,6/14/2024
477,Lorettalorna,Bankhurst,lbankhurstd8@jimdo.com,Female,766-992-2719,China,7/9/2023
478,Kenny,McClinton,kmcclintond9@t-online.de,Male,213-573-1168,Poland,4/2/2024
479,Lem,McDonogh,lmcdonoghda@themeforest.net,Male,274-737-0089,Macedonia,1/3/2024
480,Renado,MacAlroy,rmacalroydb@yolasite.com,Male,401-727-7574,Greece,7/25/2023
481,Gloria,Fontell,gfontelldc@walmart.com,Female,253-663-1824,Poland,10/31/2023
482,Harlan,Longbottom,hlongbottomdd@last.fm,Male,813-955-8096,China,12/21/2023
483,Major,Adriaan,madriaande@princeton.edu,Male,889-953-1172,Honduras,5/21/2024
484,Wrennie,Jilliss,wjillissdf@eventbrite.com,Female,597-749-0731,Cambodia,5/27/2024
485,Courtenay,Mitchiner,cmitchinerdg@prlog.org,Female,263-109-5109,Indonesia,12/23/2023
486,Fleming,Argile,fargiledh@cyberchimps.com,Bigender,274-374-9968,Russia,7/31/2023
487,Kaylyn,Edmundson,kedmundsondi@nature.com,Female,296-118-4495,Canada,2/2/2024
488,Jo-ann,Breakwell,jbreakwelldj@tamu.edu,Female,823-523-2452,Thailand,3/10/2024
489,Lucinda,Le Marchant,llemarchantdk@reuters.com,Female,860-435-3832,Vietnam,3/12/2024
490,Sharona,Gianneschi,sgianneschidl@deviantart.com,Non-binary,750-257-4937,Yemen,12/29/2023
491,Alexei,Littell,alittelldm@narod.ru,Male,787-576-4410,Dominican Republic,12/13/2023
492,Daisie,Aldie,daldiedn@marketwatch.com,Female,162-946-2622,Belarus,7/27/2023
493,Kirby,Kunat,kkunatdo@sitemeter.com,Female,148-906-9182,Russia,9/14/2023
494,Dredi,Suttill,dsuttilldp@telegraph.co.uk,Female,161-672-5722,Bangladesh,6/13/2024
495,Marta,Revey,mreveydq@washington.edu,Female,173-479-1791,Brazil,12/28/2023
496,Sherri,Tatersale,statersaledr@cyberchimps.com,Female,326-557-9814,China,2/11/2024
497,Gloriana,Jotham,gjothamds@mapquest.com,Female,348-387-7058,Philippines,8/11/2023
498,Micheline,Chazette,mchazettedt@bloglines.com,Female,674-253-3319,France,4/4/2024
499,Myer,Felgat,mfelgatdu@umn.edu,Male,243-894-3488,China,5/1/2024
500,Jaimie,Decaze,jdecazedv@nydailynews.com,Male,277-129-6816,Russia,11/21/2023
501,Ira,Rackley,irackleydw@moonfruit.com,Male,943-246-1559,North Korea,12/17/2023
502,Vale,Aronowicz,varonowiczdx@cargocollective.com,Male,978-827-1267,Bosnia and Herzegovina,4/14/2024
503,Wilmar,Derrington,wderringtondy@paginegialle.it,Genderfluid,518-549-4845,Armenia,5/31/2024
504,Freddy,Cuttler,fcuttlerdz@vinaora.com,Male,788-692-9988,China,3/26/2024
505,Kathy,Donlon,kdonlone0@cnbc.com,Non-binary,348-798-1393,China,7/1/2024
506,Dominique,Huish,dhuishe1@seesaa.net,Male,752-736-6724,Indonesia,4/22/2024
507,Duffy,Faull,dfaulle2@bravesites.com,Male,867-194-5974,Indonesia,1/29/2024
508,Olva,Phipps,ophippse3@xrea.com,Female,331-498-0723,Poland,8/30/2023
509,Ola,Broddle,obroddlee4@usgs.gov,Female,627-750-7192,Indonesia,2/7/2024
510,Isa,De Lisle,idelislee5@answers.com,Agender,967-320-1840,Russia,2/28/2024
511,Chris,Comsty,ccomstye6@sina.com.cn,Male,644-206-8954,Portugal,11/28/2023
512,Nollie,Beavon,nbeavone7@hatena.ne.jp,Male,413-608-2633,Tunisia,11/5/2023
513,Roxie,Heart,rhearte8@cdc.gov,Female,246-532-2857,China,5/5/2024
514,Emmott,Bimson,ebimsone9@wsj.com,Male,934-918-9556,Sweden,5/16/2024
515,Chelsy,Clemmey,cclemmeyea@biblegateway.com,Female,571-916-7360,France,5/14/2024
516,Farlie,Renhard,frenhardeb@newsvine.com,Male,436-993-0564,South Africa,2/27/2024
517,Emilio,Baudy,ebaudyec@bloglines.com,Male,249-120-5802,Germany,10/13/2023
518,Chrotoem,Byart,cbyarted@samsung.com,Agender,594-113-6774,Bulgaria,2/16/2024
519,Marius,Newcomb,mnewcombee@cdc.gov,Male,561-605-2212,Brazil,9/24/2023
520,Ammamaria,Dubber,adubberef@deliciousdays.com,Female,829-725-0374,Poland,12/13/2023
521,Horst,Tineman,htinemaneg@wikia.com,Male,954-783-9255,Indonesia,12/29/2023
522,Brody,Coombes,bcoombeseh@amazonaws.com,Male,366-574-6383,Indonesia,7/10/2023
523,Joachim,Thornewell,jthornewellei@macromedia.com,Male,913-595-3650,China,10/21/2023
524,Loella,McGeaney,lmcgeaneyej@yolasite.com,Female,168-479-7898,Sri Lanka,5/14/2024
525,Barri,Zanre,bzanreek@si.edu,Male,147-508-9939,Poland,12/11/2023
526,Bernita,Caudrelier,bcaudrelierel@skype.com,Genderfluid,687-262-6241,Indonesia,5/20/2024
527,Viviyan,Callaby,vcallabyem@nih.gov,Female,186-898-9785,Greece,9/17/2023
528,Care,Gulliman,cgullimanen@sciencedirect.com,Male,689-236-6481,China,6/30/2024
529,Paige,Crosoer,pcrosoereo@biglobe.ne.jp,Male,156-923-2513,China,10/3/2023
530,Orton,Hadland,ohadlandep@cbsnews.com,Non-binary,944-844-9211,Peru,3/11/2024
531,Levin,Strelitzer,lstrelitzereq@prnewswire.com,Male,157-268-0395,China,7/28/2023
532,Antonia,Engelbrecht,aengelbrechter@wiley.com,Female,186-388-1330,Slovenia,8/11/2023
533,Walton,Druhan,wdruhanes@dropbox.com,Non-binary,319-926-2673,Indonesia,3/16/2024
534,Jere,Coltart,jcoltartet@reverbnation.com,Male,122-581-3831,Indonesia,11/8/2023
535,Gisele,Gutsell,ggutselleu@diigo.com,Female,324-135-4858,Malaysia,5/26/2024
536,Perla,Kaye,pkayeev@jimdo.com,Female,890-787-3128,Poland,12/17/2023
537,Blake,Bavin,bbavinew@imageshack.us,Male,915-658-9355,United States,9/15/2023
538,Lorianne,Paulat,lpaulatex@google.es,Female,891-944-0450,Japan,8/28/2023
539,Kinnie,Corkill,kcorkilley@goo.gl,Male,600-479-1655,Russia,9/28/2023
540,Danielle,Elderton,deldertonez@ocn.ne.jp,Female,569-354-3056,Slovenia,11/11/2023
541,Alvy,Sutterfield,asutterfieldf0@nifty.com,Male,952-631-8230,Vietnam,1/14/2024
542,Naoma,Auger,naugerf1@t.co,Female,166-389-2038,Vietnam,4/27/2024
543,Jeremy,Dixon,jdixonf2@si.edu,Agender,405-156-6576,China,11/27/2023
544,Burr,McQuaide,bmcquaidef3@scientificamerican.com,Polygender,140-503-4089,Philippines,10/29/2023
545,Twyla,Bourdon,tbourdonf4@eventbrite.com,Female,706-395-4353,Peru,4/28/2024
546,Rodrick,Hebburn,rhebburnf5@bigcartel.com,Male,183-196-5514,Japan,4/7/2024
547,Gan,Lukesch,glukeschf6@ftc.gov,Male,892-708-8852,Poland,8/17/2023
548,Joelynn,Mathew,jmathewf7@paginegialle.it,Female,620-302-0356,Philippines,10/9/2023
549,Darya,Vinnick,dvinnickf8@sfgate.com,Female,432-503-2556,Russia,5/6/2024
550,Nerty,Glaves,nglavesf9@over-blog.com,Female,113-704-6945,Greece,5/7/2024
551,Salvatore,Verbeek,sverbeekfa@amazon.co.uk,Male,490-136-7635,Mauritania,12/17/2023
552,Bendite,Chasemoore,bchasemoorefb@examiner.com,Female,650-954-1326,Denmark,1/5/2024
553,Krista,Greser,kgreserfc@usgs.gov,Female,557-787-8924,China,5/1/2024
554,Rickey,Perutto,rperuttofd@ftc.gov,Male,253-338-7669,Mali,4/8/2024
555,Vanessa,Carvil,vcarvilfe@gov.uk,Female,305-424-7113,France,7/5/2024
556,Tabitha,Normabell,tnormabellff@ox.ac.uk,Female,453-400-2430,Japan,8/22/2023
557,Hetti,Presland,hpreslandfg@dyndns.org,Female,829-664-4363,China,6/8/2024
558,Rena,Keates,rkeatesfh@nifty.com,Female,209-720-4455,Chile,4/18/2024
559,Dosi,Beagin,dbeaginfi@ihg.com,Female,368-248-9868,Philippines,4/21/2024
560,Ganny,Acome,gacomefj@jalbum.net,Male,807-168-0726,Indonesia,8/27/2023
561,Reinwald,Considine,rconsidinefk@ebay.co.uk,Male,114-841-5538,Russia,9/25/2023
562,Benjie,Spat,bspatfl@skyrock.com,Male,614-475-4485,Poland,1/18/2024
563,Dusty,Yakov,dyakovfm@amazon.com,Female,747-633-3943,Philippines,6/10/2024
564,Tony,Durnan,tdurnanfn@joomla.org,Male,468-461-3770,Indonesia,5/16/2024
565,Iorgo,Livingston,ilivingstonfo@gravatar.com,Male,708-468-3089,China,3/28/2024
566,Harvey,Lukianovich,hlukianovichfp@google.co.jp,Male,100-416-9870,Indonesia,3/16/2024
567,Frederik,Pitkeathly,fpitkeathlyfq@mediafire.com,Male,301-277-0921,France,3/19/2024
568,Archibald,Woolbrook,awoolbrookfr@ibm.com,Male,198-668-2141,Indonesia,10/22/2023
569,Cello,Gorringe,cgorringefs@mayoclinic.com,Male,498-162-1872,France,12/10/2023
570,Nathan,McKeefry,nmckeefryft@smugmug.com,Genderfluid,407-300-4765,Indonesia,9/15/2023
571,Kylen,Blow,kblowfu@storify.com,Female,864-950-3823,Hungary,1/19/2024
572,Gabriell,Ruger,grugerfv@mayoclinic.com,Agender,987-731-0021,Togo,11/20/2023
573,Katrinka,Gurnay,kgurnayfw@51.la,Female,648-762-9230,Kosovo,12/4/2023
574,Zacherie,Etoile,zetoilefx@google.pl,Male,140-949-8598,Portugal,9/20/2023
575,Brandy,Todman,btodmanfy@cnn.com,Male,195-757-4839,Czech Republic,1/6/2024
576,Abie,MacKnight,amacknightfz@acquirethisname.com,Male,766-963-6803,Sweden,7/10/2023
577,Quintin,Brikner,qbriknerg0@g.co,Male,153-513-3105,China,1/17/2024
578,Gena,Evamy,gevamyg1@va.gov,Female,792-243-6946,Malaysia,2/15/2024
579,Lynn,Woodyer,lwoodyerg2@mysql.com,Female,409-741-7356,Tunisia,8/5/2023
580,Garrot,Showte,gshowteg3@yellowbook.com,Male,992-903-4792,Egypt,7/6/2024
581,Conway,Crimpe,ccrimpeg4@cargocollective.com,Male,881-916-8286,China,9/10/2023
582,Myrlene,Purdon,mpurdong5@i2i.jp,Female,213-993-6516,United States,10/11/2023
583,Nev,Beeze,nbeezeg6@baidu.com,Male,873-549-4938,China,11/24/2023
584,Penrod,Aviss,pavissg7@woothemes.com,Male,871-453-7793,Indonesia,4/19/2024
585,Lefty,Edgeley,ledgeleyg8@blog.com,Male,903-892-6528,China,3/14/2024
586,Wilt,Toy,wtoyg9@princeton.edu,Male,262-555-6926,Philippines,6/15/2024
587,Catharine,Riglesford,criglesfordga@unesco.org,Female,312-546-4824,Russia,1/25/2024
588,Hollis,Nolder,hnoldergb@about.me,Male,502-673-8494,Mongolia,5/14/2024
589,Luigi,Hubane,lhubanegc@ucla.edu,Male,270-249-3119,Uruguay,4/16/2024
590,Marmaduke,Jirsa,mjirsagd@i2i.jp,Male,452-761-8375,Kazakhstan,7/4/2024
591,Roxine,Fordham,rfordhamge@theguardian.com,Female,790-499-4414,Micronesia,8/16/2023
592,Letta,Nicolson,lnicolsongf@qq.com,Female,775-872-1626,Mexico,5/14/2024
593,Vanna,Sannes,vsannesgg@angelfire.com,Female,215-626-0105,Norway,2/24/2024
594,Kerwin,Jaquiss,kjaquissgh@deviantart.com,Male,718-493-8814,Poland,3/29/2024
595,Linnea,Jansens,ljansensgi@phoca.cz,Female,711-129-0368,Indonesia,8/3/2023
596,Hadlee,Diack,hdiackgj@house.gov,Male,743-788-6963,Portugal,4/29/2024
597,Ransell,Abrahamovitz,rabrahamovitzgk@wunderground.com,Male,930-613-8906,China,9/8/2023
598,Amalea,Bengefield,abengefieldgl@is.gd,Female,805-179-9245,Argentina,7/19/2023
599,Ricardo,Priestnall,rpriestnallgm@google.pl,Male,260-924-8969,Colombia,9/7/2023
600,Lorianne,Scutchin,lscutchingn@wikimedia.org,Female,773-988-9604,Cameroon,7/19/2023
601,Kevin,Brosch,kbroschgo@ustream.tv,Male,674-188-5675,Sweden,9/30/2023
602,Kary,Hewkin,khewkingp@cmu.edu,Female,968-465-5071,Pakistan,4/27/2024
603,Malvin,Ramm,mrammgq@mozilla.com,Male,876-978-7532,Japan,8/18/2023
604,Noe,Bebbington,nbebbingtongr@indiatimes.com,Male,905-784-3799,Czech Republic,5/16/2024
605,Vernon,Crathorne,vcrathornegs@paginegialle.it,Male,431-800-4756,Sierra Leone,3/15/2024
606,Pieter,Birdwhistle,pbirdwhistlegt@ycombinator.com,Male,658-768-3503,China,8/7/2023
607,Claudina,Prattin,cprattingu@tripadvisor.com,Female,437-780-6126,Japan,12/9/2023
608,Alaric,Riall,ariallgv@washington.edu,Male,311-565-0430,Angola,7/17/2023
609,Verge,Palfrey,vpalfreygw@home.pl,Male,757-737-5381,Indonesia,6/19/2024
610,Kaleena,Varney,kvarneygx@qq.com,Female,653-718-3181,Czech Republic,1/3/2024
611,Saundra,Learmont,slearmontgy@hexun.com,Male,224-801-1684,Thailand,1/21/2024
612,Tomasina,Mulroy,tmulroygz@csmonitor.com,Polygender,335-796-4600,Indonesia,2/12/2024
613,Jeanne,Falconer-Taylor,jfalconertaylorh0@sbwire.com,Agender,862-329-3598,China,11/20/2023
614,Francis,Yakubovich,fyakubovichh1@yellowbook.com,Male,203-579-0740,South Africa,12/23/2023
615,Yasmeen,Verbeke,yverbekeh2@psu.edu,Female,689-455-7314,Japan,7/5/2024
616,Alaine,Peppard,apeppardh3@tinypic.com,Female,309-425-4965,Sweden,10/16/2023
617,Frieda,Thackeray,fthackerayh4@utexas.edu,Female,490-642-2974,Mexico,2/7/2024
618,Chelsea,MacNeely,cmacneelyh5@photobucket.com,Female,745-488-9148,Armenia,2/16/2024
619,Enoch,Girodon,egirodonh6@tinypic.com,Male,318-634-8208,Uganda,6/16/2024
620,Emlynne,Furst,efursth7@netscape.com,Polygender,858-509-5525,Portugal,1/25/2024
621,Ketti,Albro,kalbroh8@businessinsider.com,Female,333-468-8657,Nepal,1/7/2024
622,Felicdad,Dracey,fdraceyh9@admin.ch,Female,932-443-3404,Portugal,8/7/2023
623,Betsy,Caves,bcavesha@wiley.com,Female,995-713-8470,China,7/4/2024
624,Merrili,Seath,mseathhb@amazon.co.jp,Female,262-899-0475,Germany,3/30/2024
625,Hermie,Barling,hbarlinghc@technorati.com,Male,584-599-7038,China,2/2/2024
626,Wallis,Panichelli,wpanichellihd@linkedin.com,Genderfluid,729-189-7893,China,10/19/2023
627,Margarethe,Gaylor,mgaylorhe@gov.uk,Bigender,148-602-4911,Honduras,1/15/2024
628,Bradly,Ettles,bettleshf@163.com,Male,236-881-3124,Philippines,9/24/2023
629,Sollie,Giottoi,sgiottoihg@nbcnews.com,Male,259-902-4265,Cuba,11/15/2023
630,Olimpia,Forster,oforsterhh@seattletimes.com,Female,406-680-7802,Peru,2/23/2024
631,Aveline,Vance,avancehi@instagram.com,Female,515-486-8345,China,5/22/2024
632,Clementine,Kunc,ckunchj@weather.com,Female,449-138-8842,Cuba,5/26/2024
633,Meredith,Gout,mgouthk@hhs.gov,Female,782-881-5033,Guatemala,8/31/2023
634,Jodee,Jillis,jjillishl@cbslocal.com,Female,796-605-8255,Peru,6/15/2024
635,Corina,Heiss,cheisshm@linkedin.com,Female,139-829-6229,Spain,7/19/2023
636,Aurie,Cornew,acornewhn@flavors.me,Female,905-966-7775,Palestinian Territory,6/29/2024
637,Ciel,Bembrick,cbembrickho@biblegateway.com,Female,253-492-3252,China,4/20/2024
638,Nickie,Wolsey,nwolseyhp@people.com.cn,Female,983-177-5765,Philippines,7/24/2023
639,Carey,Fausset,cfaussethq@a8.net,Male,513-329-9049,United States,11/27/2023
640,Riannon,Wrought,rwroughthr@feedburner.com,Female,323-765-1902,United States,5/23/2024
641,Anitra,Fitt,afitths@mtv.com,Female,382-518-2990,Japan,1/3/2024
642,Kahaleel,Neaves,kneavesht@lycos.com,Male,260-688-7347,Sweden,7/16/2023
643,Minta,Dunbabin,mdunbabinhu@webeden.co.uk,Female,145-803-7002,Thailand,8/11/2023
644,Sterne,Dell,sdellhv@slate.com,Male,489-215-8480,Philippines,11/10/2023
645,Karee,MacIlory,kmaciloryhw@ustream.tv,Female,527-151-9188,Indonesia,3/22/2024
646,Thomas,McBeth,tmcbethhx@wufoo.com,Male,835-351-9655,Czech Republic,6/30/2024
647,Abran,Shilburne,ashilburnehy@shop-pro.jp,Male,865-618-1871,Slovenia,3/3/2024
648,Michal,O' Cuolahan,mocuolahanhz@aol.com,Male,159-749-4792,China,4/8/2024
649,Rebe,Janse,rjansei0@istockphoto.com,Female,148-387-3466,Chad,3/25/2024
650,Dominica,Hosten,dhosteni1@google.co.uk,Female,315-981-9882,France,6/21/2024
651,Dalila,Clynmans,dclynmansi2@sciencedaily.com,Female,122-172-7103,Indonesia,12/23/2023
652,Legra,Janata,ljanatai3@virginia.edu,Bigender,901-452-1921,Bosnia and Herzegovina,10/31/2023
653,Gavan,Raspel,graspeli4@pagesperso-orange.fr,Male,247-499-3161,China,10/24/2023
654,Cecil,Blakiston,cblakistoni5@scientificamerican.com,Male,504-885-1320,Mali,5/30/2024
655,Jeannie,Tume,jtumei6@discovery.com,Female,274-127-0797,Philippines,3/27/2024
656,Eadie,Osanne,eosannei7@cnn.com,Female,509-641-9691,China,5/31/2024
657,Chen,Bossons,cbossonsi8@printfriendly.com,Male,592-406-7285,Vietnam,11/2/2023
658,Britni,Monini,bmoninii9@economist.com,Female,365-819-0515,Philippines,11/4/2023
659,Marta,Janecek,mjanecekia@google.es,Female,883-713-5663,China,12/28/2023
660,Birch,Lapworth,blapworthib@symantec.com,Male,839-958-5553,China,11/26/2023
661,Colan,Bignall,cbignallic@163.com,Male,224-977-9202,Iran,7/16/2023
662,Waverly,Absolon,wabsolonid@businessweek.com,Male,849-156-1132,Colombia,12/7/2023
663,Teresita,Sarver,tsarverie@usda.gov,Female,445-555-1767,China,7/1/2024
664,Fanchette,Haack,fhaackif@adobe.com,Female,576-689-1301,Russia,6/18/2024
665,Davine,Notley,dnotleyig@prweb.com,Female,525-548-3898,Philippines,9/16/2023
666,Maisey,Overnell,movernellih@phpbb.com,Female,238-934-5791,Philippines,9/19/2023
667,Arley,Dingivan,adingivanii@mlb.com,Male,766-442-7201,Philippines,1/6/2024
668,Abby,Langmuir,alangmuirij@pagesperso-orange.fr,Polygender,389-835-6966,China,9/29/2023
669,Venus,Jermyn,vjermynik@zdnet.com,Female,137-760-6463,China,2/27/2024
670,Chrysler,Van Leeuwen,cvanleeuwenil@nba.com,Female,615-489-4529,Indonesia,11/24/2023
671,Sergeant,Ivashev,sivashevim@answers.com,Male,879-186-2554,Cape Verde,1/6/2024
672,Wenona,Radoux,wradouxin@homestead.com,Female,643-182-2497,China,10/21/2023
673,Shelli,Guiraud,sguiraudio@va.gov,Female,345-978-7288,Haiti,7/17/2023
674,Jolene,Tebbit,jtebbitip@forbes.com,Female,504-318-9479,Peru,3/18/2024
675,Gweneth,Oneil,goneiliq@ucla.edu,Female,128-219-3509,Brazil,8/23/2023
676,Ogden,Plait,oplaitir@biglobe.ne.jp,Male,113-390-3616,South Africa,6/12/2024
677,Lynnette,Goligly,lgoliglyis@sbwire.com,Female,566-206-4356,Indonesia,1/10/2024
678,Sonnnie,Brimmell,sbrimmellit@home.pl,Genderfluid,189-862-1139,Latvia,12/1/2023
679,Cecilia,Westphalen,cwestphaleniu@cyberchimps.com,Female,808-535-8018,China,5/22/2024
680,Rebeca,Ruprich,rruprichiv@upenn.edu,Female,178-217-0682,Jordan,9/13/2023
681,Roarke,Grinin,rgrininiw@wsj.com,Male,871-399-1626,Colombia,7/9/2023
682,Brendan,Attenbrow,battenbrowix@comsenz.com,Genderqueer,438-294-8869,Portugal,9/5/2023
683,Claudine,Skippon,cskipponiy@harvard.edu,Female,233-472-5026,Poland,2/24/2024
684,Alethea,Hebbron,ahebbroniz@google.com.hk,Female,745-591-8789,Philippines,5/2/2024
685,Benedikt,Dimblebee,bdimblebeej0@storify.com,Male,601-680-1742,Peru,12/5/2023
686,Frazier,Townby,ftownbyj1@alibaba.com,Male,245-508-9265,Russia,1/16/2024
687,Bertina,Malkie,bmalkiej2@nationalgeographic.com,Bigender,961-631-3283,Russia,1/23/2024
688,Pete,Canario,pcanarioj3@hostgator.com,Male,563-370-2132,Indonesia,12/30/2023
689,Bartholomeus,Wildor,bwildorj4@elegantthemes.com,Male,261-314-7455,Brazil,6/7/2024
690,Callie,Cyson,ccysonj5@cloudflare.com,Female,541-578-3651,Poland,12/28/2023
691,Demetri,Matthessen,dmatthessenj6@unblog.fr,Male,553-884-8809,Guatemala,8/18/2023
692,Jody,Bagnall,jbagnallj7@geocities.jp,Male,231-702-8543,Philippines,2/6/2024
693,Damita,Webb-Bowen,dwebbbowenj8@over-blog.com,Female,640-761-6330,Chile,6/13/2024
694,Allayne,Blakeney,ablakeneyj9@yandex.ru,Agender,485-235-5309,Macedonia,12/28/2023
695,Rodina,O'Kielt,rokieltja@china.com.cn,Female,545-950-3684,China,2/22/2024
696,Thorsten,Beaulieu,tbeaulieujb@live.com,Male,481-569-4694,Argentina,1/20/2024
697,Marlo,Onge,mongejc@vk.com,Agender,494-963-6739,Indonesia,3/10/2024
698,Mortie,Pither,mpitherjd@ehow.com,Male,606-297-5353,Indonesia,3/13/2024
699,Loralyn,Francecione,lfrancecioneje@lulu.com,Female,285-339-4375,China,5/8/2024
700,Oswell,De Santos,odesantosjf@msn.com,Genderfluid,536-685-2688,Argentina,3/6/2024
701,Tiebout,Pippin,tpippinjg@diigo.com,Male,469-469-1753,Philippines,9/14/2023
702,Devland,Mallia,dmalliajh@abc.net.au,Male,831-633-6406,Iran,3/6/2024
703,Jarid,Cutbush,jcutbushji@auda.org.au,Male,290-617-0949,China,4/12/2024
704,Aubrette,Anderer,aandererjj@globo.com,Female,222-359-6857,China,12/10/2023
705,Theresa,Ackerley,tackerleyjk@networksolutions.com,Female,199-321-9658,Philippines,5/26/2024
706,Marline,Di Gregorio,mdigregoriojl@netscape.com,Female,776-502-1651,Portugal,1/27/2024
707,Ninon,Marks,nmarksjm@goodreads.com,Female,750-738-7321,China,6/4/2024
708,Shani,Bevans,sbevansjn@sfgate.com,Female,157-463-4152,Philippines,6/2/2024
709,Britney,Howroyd,bhowroydjo@seesaa.net,Female,512-250-2616,Indonesia,7/15/2023
710,Griff,Meaddowcroft,gmeaddowcroftjp@i2i.jp,Agender,258-695-8760,Russia,12/16/2023
711,Gertrud,Dooland,gdoolandjq@jalbum.net,Female,699-639-0370,Ireland,7/19/2023
712,Fin,Cranidge,fcranidgejr@abc.net.au,Male,758-355-5262,Georgia,1/15/2024
713,Christos,Vango,cvangojs@wsj.com,Male,204-298-5082,Yemen,9/9/2023
714,Darryl,Cawdell,dcawdelljt@tinyurl.com,Male,251-940-7756,Ukraine,3/31/2024
715,Wendye,Islep,wislepju@timesonline.co.uk,Female,388-335-4260,Cameroon,9/22/2023
716,Inigo,O'Doherty,iodohertyjv@purevolume.com,Male,826-392-2341,China,1/19/2024
717,Kirby,McMickan,kmcmickanjw@elegantthemes.com,Female,804-892-5438,Nigeria,11/16/2023
718,Wyatan,Lyon,wlyonjx@simplemachines.org,Male,105-375-7062,China,12/11/2023
719,Nadine,Wanden,nwandenjy@noaa.gov,Female,460-983-9169,Ukraine,5/29/2024
720,Mandi,Sivyer,msivyerjz@columbia.edu,Female,925-220-4935,Poland,10/28/2023
721,Geneva,Slessar,gslessark0@mozilla.org,Female,534-314-8369,France,4/26/2024
722,Angil,Zollner,azollnerk1@g.co,Female,571-742-0772,United States,7/6/2024
723,Lewiss,Iacopo,liacopok2@ihg.com,Male,602-577-3263,France,8/16/2023
724,Abbi,Linne,alinnek3@blog.com,Female,995-738-1955,Afghanistan,4/29/2024
725,Herta,Pasquale,hpasqualek4@unesco.org,Female,766-459-2995,Indonesia,7/17/2023
726,Felizio,Sindell,fsindellk5@storify.com,Male,964-420-0177,Indonesia,1/5/2024
727,Mildrid,Kondratowicz,mkondratowiczk6@ow.ly,Female,931-399-0649,Greece,3/20/2024
728,Erny,Gontier,egontierk7@ask.com,Male,224-409-0631,China,6/13/2024
729,Kirsteni,Olyonov,kolyonovk8@tripadvisor.com,Female,907-508-5394,Yemen,8/7/2023
730,Electra,Baybutt,ebaybuttk9@ustream.tv,Female,725-493-9930,Portugal,12/18/2023
731,Kass,Basnett,kbasnettka@chicagotribune.com,Female,728-292-4221,Iran,7/17/2023
732,Randie,Vellden,rvelldenkb@patch.com,Male,732-680-9780,Portugal,12/16/2023
733,Pauli,Petrushkevich,ppetrushkevichkc@instagram.com,Female,269-133-4939,Russia,11/13/2023
734,Jonas,Dawidowitz,jdawidowitzkd@opera.com,Male,238-165-2318,Egypt,12/12/2023
735,Karolina,Gauch,kgauchke@ucoz.ru,Female,321-286-2890,Russia,7/11/2023
736,Alanah,Martlew,amartlewkf@twitpic.com,Female,250-929-8126,Bangladesh,6/28/2024
737,Hastie,Greenhalgh,hgreenhalghkg@google.nl,Male,550-729-6042,China,5/13/2024
738,Aura,Franceschelli,afranceschellikh@indiegogo.com,Female,632-291-1647,Indonesia,10/1/2023
739,Nolana,O'Glassane,noglassaneki@feedburner.com,Female,379-698-4147,Portugal,4/16/2024
740,Krystle,Kennedy,kkennedykj@imageshack.us,Female,766-723-3770,China,3/25/2024
741,Klemens,Crosby,kcrosbykk@spotify.com,Male,225-651-2738,China,2/28/2024
742,Justino,Willmot,jwillmotkl@ox.ac.uk,Male,962-336-6147,Ukraine,8/9/2023
743,Miner,Dax,mdaxkm@imageshack.us,Male,905-425-8889,Guinea,8/8/2023
744,Roth,Bullent,rbullentkn@weather.com,Male,256-449-4717,Indonesia,5/26/2024
745,Alma,Leates,aleatesko@behance.net,Female,884-922-6422,Benin,10/24/2023
746,Amabelle,Napthine,anapthinekp@sciencedirect.com,Female,835-577-3941,Colombia,2/6/2024
747,Maryjane,Plover,mploverkq@mysql.com,Female,634-684-0768,Indonesia,11/6/2023
748,Onida,McGrorty,omcgrortykr@alibaba.com,Female,244-227-3342,Democratic Republic of the Congo,11/6/2023
749,Audra,Haggus,ahaggusks@bloglines.com,Genderqueer,528-799-4054,Netherlands,3/28/2024
750,Agosto,Peiro,apeirokt@sbwire.com,Male,429-869-4414,Thailand,9/21/2023
751,Wilhelm,Temblett,wtemblettku@theatlantic.com,Male,928-683-0173,China,8/22/2023
752,Florie,Pile,fpilekv@goo.gl,Female,438-527-9556,China,2/24/2024
753,Roarke,Widger,rwidgerkw@comcast.net,Genderqueer,712-432-8489,China,8/19/2023
754,Dierdre,Kollas,dkollaskx@businesswire.com,Female,931-273-5244,France,11/24/2023
755,Webster,Fordham,wfordhamky@microsoft.com,Male,231-443-8193,France,7/14/2023
756,Sybilla,Lillywhite,slillywhitekz@apple.com,Female,220-696-8838,Canada,4/29/2024
757,Elvira,Gutcher,egutcherl0@addtoany.com,Genderqueer,610-502-6611,Guam,3/12/2024
758,Renate,Croughan,rcroughanl1@amazon.com,Female,282-163-6592,Ireland,10/9/2023
759,Cletus,Hirche,chirchel2@wikispaces.com,Male,414-915-1955,China,5/24/2024
760,Shanna,Weiner,sweinerl3@senate.gov,Female,326-913-2790,Zimbabwe,3/25/2024
761,Liv,Yell,lyelll4@elpais.com,Female,389-330-4041,Iran,1/12/2024
762,Maurine,Adam,madaml5@quantcast.com,Female,360-866-6567,Brazil,9/30/2023
763,Huey,O'Siaghail,hosiaghaill6@live.com,Male,722-758-6630,Russia,6/9/2024
764,Renaldo,Ackrill,rackrilll7@europa.eu,Male,170-388-5949,China,5/24/2024
765,Skye,Duff,sduffl8@mozilla.org,Male,353-468-8184,Indonesia,12/1/2023
766,Christabel,MacAiline,cmacailinel9@xinhuanet.com,Female,988-496-1671,China,11/25/2023
767,Lisha,Grieg,lgriegla@ehow.com,Female,629-570-7815,Indonesia,2/6/2024
768,Dawna,Allen,dallenlb@feedburner.com,Female,567-635-1272,Indonesia,3/13/2024
769,Theodore,Annetts,tannettslc@yandex.ru,Male,730-226-4608,Russia,5/22/2024
770,Constancia,Abys,cabysld@skype.com,Female,620-247-2847,Jordan,2/1/2024
771,Gordan,Netti,gnettile@ask.com,Male,370-508-3845,Brazil,4/8/2024
772,Thomasa,Valentine,tvalentinelf@wix.com,Genderqueer,599-758-3615,Uganda,1/12/2024
773,Lulita,Kemble,lkemblelg@hugedomains.com,Female,251-940-5561,Canada,12/3/2023
774,Rosana,Wedge,rwedgelh@wordpress.com,Female,512-499-6940,Indonesia,8/11/2023
775,Ario,Gandrich,agandrichli@skype.com,Male,314-905-2612,Poland,11/23/2023
776,Anjela,Desport,adesportlj@washington.edu,Female,166-946-1994,Syria,2/4/2024
777,Bartolomeo,Fiske,bfiskelk@dion.ne.jp,Male,119-475-7375,France,8/18/2023
778,Keane,Cavalier,kcavalierll@bloglines.com,Male,841-645-3281,Indonesia,4/26/2024
779,Carry,Scrowston,cscrowstonlm@weibo.com,Female,480-434-8106,United States,7/14/2023
780,Delmer,Syratt,dsyrattln@comsenz.com,Male,476-158-6016,Sweden,5/27/2024
781,Lulu,Coche,lcochelo@soundcloud.com,Female,544-752-4681,China,3/22/2024
782,Iolanthe,McCullagh,imccullaghlp@furl.net,Female,396-616-0125,China,4/24/2024
783,Filmore,Frane,ffranelq@redcross.org,Male,513-575-0994,United States,6/29/2024
784,Suzanne,Wealthall,swealthalllr@sogou.com,Female,202-626-6016,Indonesia,1/4/2024
785,Halimeda,Sleeman,hsleemanls@acquirethisname.com,Female,726-790-3842,Sweden,12/23/2023
786,Pincas,Lathey,platheylt@booking.com,Male,424-863-5129,Portugal,3/21/2024
787,Emmett,Standfield,estandfieldlu@angelfire.com,Genderqueer,281-111-0813,Russia,6/4/2024
788,Dawn,Piatek,dpiateklv@ameblo.jp,Bigender,909-685-3234,Russia,8/1/2023
789,Craggy,Denekamp,cdenekamplw@imgur.com,Male,137-504-7973,China,8/10/2023
790,Mortimer,Blakeborough,mblakeboroughlx@unesco.org,Male,243-190-5253,China,10/17/2023
791,Agnese,Lindborg,alindborgly@soup.io,Female,153-567-8174,Greece,2/5/2024
792,Brandy,Desbrow,bdesbrowlz@house.gov,Male,818-755-6314,Mauritius,3/23/2024
793,Haleigh,Keble,hkeblem0@youku.com,Male,276-241-0018,China,7/29/2023
794,Dimitry,Trumble,dtrumblem1@liveinternet.ru,Male,117-520-1344,Mongolia,4/25/2024
795,Brana,Roos,broosm2@who.int,Female,370-363-9765,Ukraine,6/23/2024
796,Wilden,Cohrs,wcohrsm3@bluehost.com,Male,302-916-7793,Thailand,12/14/2023
797,Eduardo,Mumbeson,emumbesonm4@europa.eu,Male,758-501-6651,Russia,6/17/2024
798,Tome,Forrington,tforringtonm5@census.gov,Male,795-940-8765,Argentina,3/10/2024
799,Cybil,Dartan,cdartanm6@purevolume.com,Female,651-788-1034,Poland,8/6/2023
800,Cherry,Coatts,ccoattsm7@cam.ac.uk,Female,654-694-0631,Portugal,5/3/2024
801,Granger,Domanek,gdomanekm8@dell.com,Male,752-738-2482,Bangladesh,2/21/2024
802,Land,Christofides,lchristofidesm9@prlog.org,Male,384-402-6649,Ukraine,9/16/2023
803,Hamlin,Pacquet,hpacquetma@clickbank.net,Male,825-545-4288,Portugal,7/10/2023
804,Curry,Batham,cbathammb@google.co.uk,Male,649-262-4703,China,1/15/2024
805,Raul,Neagle,rneaglemc@exblog.jp,Male,739-783-2236,Portugal,7/10/2023
806,Randell,Sturmey,rsturmeymd@youtu.be,Male,292-165-2233,Indonesia,6/14/2024
807,Penni,Bernardotti,pbernardottime@gmpg.org,Female,551-357-7149,Poland,8/20/2023
808,Langston,Kingsmill,lkingsmillmf@apple.com,Non-binary,667-539-1076,Sierra Leone,4/6/2024
809,Waiter,Whissell,wwhissellmg@studiopress.com,Male,999-668-7076,Czech Republic,12/16/2023
810,Claire,Crowdson,ccrowdsonmh@umich.edu,Female,111-588-1902,Indonesia,1/4/2024
811,Violetta,Semple,vsemplemi@yellowpages.com,Female,428-933-9701,Philippines,10/26/2023
812,Reeta,Hallybone,rhallybonemj@cornell.edu,Polygender,152-330-8427,Indonesia,9/13/2023
813,Ninette,Darell,ndarellmk@elpais.com,Female,253-494-5100,Portugal,9/15/2023
814,Arlin,Eynald,aeynaldml@google.com.hk,Male,771-763-0437,China,1/29/2024
815,Kermy,Quidenham,kquidenhammm@gov.uk,Male,707-649-6499,South Africa,7/10/2023
816,Karim,Bowlas,kbowlasmn@wsj.com,Male,318-599-5204,France,4/16/2024
817,Doralia,Smout,dsmoutmo@unicef.org,Female,726-572-1403,Poland,4/23/2024
818,Marcille,Rawson,mrawsonmp@booking.com,Female,170-360-7869,Indonesia,5/7/2024
819,Maggy,Pindar,mpindarmq@dyndns.org,Female,576-645-3324,Mongolia,9/12/2023
820,Nanice,Gammidge,ngammidgemr@acquirethisname.com,Female,523-199-3588,China,6/23/2024
821,Mildred,Augie,maugiems@mit.edu,Female,397-386-8277,Bulgaria,1/2/2024
822,Consolata,Cosker,ccoskermt@vimeo.com,Female,274-582-0699,Uzbekistan,10/22/2023
823,Baldwin,Lanfare,blanfaremu@ifeng.com,Male,639-861-1913,Indonesia,10/5/2023
824,Den,Arnett,darnettmv@utexas.edu,Male,636-695-6015,China,9/17/2023
825,Verla,Holston,vholstonmw@vistaprint.com,Female,455-585-1310,Indonesia,11/1/2023
826,Johanna,Iozefovich,jiozefovichmx@xinhuanet.com,Female,843-657-7126,Jamaica,1/15/2024
827,Wye,Igonet,wigonetmy@ycombinator.com,Male,161-370-7594,France,6/14/2024
828,Lura,Pavlishchev,lpavlishchevmz@goodreads.com,Female,135-287-8732,Poland,11/29/2023
829,Rickert,Nurcombe,rnurcomben0@senate.gov,Male,125-793-9936,China,8/25/2023
830,Barbee,Worts,bwortsn1@weather.com,Female,931-872-1927,Philippines,11/8/2023
831,Alfonse,Burrows,aburrowsn2@ycombinator.com,Male,336-748-4597,France,1/9/2024
832,Albrecht,Cheyenne,acheyennen3@umich.edu,Male,665-527-8113,Paraguay,5/8/2024
833,Neala,Haswall,nhaswalln4@cisco.com,Female,164-676-2303,Czech Republic,8/27/2023
834,Anderson,Mc Harg,amchargn5@networkadvertising.org,Male,663-905-5790,Russia,2/9/2024
835,Rakel,Retallack,rretallackn6@economist.com,Female,585-394-7099,Russia,12/18/2023
836,Hilda,Wanden,hwandenn7@arstechnica.com,Female,692-425-7813,Indonesia,4/27/2024
837,Marcello,Turfes,mturfesn8@nydailynews.com,Male,696-363-6368,Czech Republic,5/13/2024
838,Crissy,Willcock,cwillcockn9@diigo.com,Female,597-724-6269,Philippines,7/24/2023
839,Allina,Lardeux,alardeuxna@independent.co.uk,Female,174-502-5681,Colombia,5/28/2024
840,Bobbie,Cocklin,bcocklinnb@csmonitor.com,Male,380-680-9284,Iran,2/20/2024
841,Aggi,Tarbatt,atarbattnc@domainmarket.com,Female,974-322-7360,Portugal,12/4/2023
842,Addy,Klimochkin,aklimochkinnd@ft.com,Male,988-675-1907,China,5/5/2024
843,Bordy,Kembry,bkembryne@discovery.com,Male,871-692-5917,France,8/23/2023
844,Franz,Gatenby,fgatenbynf@state.gov,Male,238-591-1029,Iran,3/1/2024
845,Burty,Tace,btaceng@webmd.com,Male,477-697-1185,Brazil,4/11/2024
846,Yvonne,FitzGeorge,yfitzgeorgenh@ft.com,Female,231-216-0205,Estonia,6/5/2024
847,Lazar,Morilla,lmorillani@youku.com,Genderfluid,419-697-4440,China,7/19/2023
848,Cati,Myhill,cmyhillnj@google.com,Female,825-709-9752,Ireland,2/18/2024
849,Elsbeth,Erridge,eerridgenk@vk.com,Female,946-218-2833,Indonesia,9/22/2023
850,Cassie,Kibel,ckibelnl@ft.com,Male,954-402-4404,Hungary,7/21/2023
851,Vinny,Vittle,vvittlenm@g.co,Bigender,584-256-5693,Angola,5/15/2024
852,Kessia,Truscott,ktruscottnn@phpbb.com,Bigender,300-286-8439,Colombia,3/24/2024
853,Mercie,Rosendall,mrosendallno@oaic.gov.au,Female,620-510-5440,Russia,3/25/2024
854,Minta,Simnett,msimnettnp@bloglines.com,Female,691-510-6785,Argentina,10/19/2023
855,Arie,Wetherick,awethericknq@kickstarter.com,Male,194-411-8638,Indonesia,1/20/2024
856,Osbourne,Mattingly,omattinglynr@economist.com,Male,780-347-0830,Sweden,2/27/2024
857,Rowan,Buten,rbutenns@so-net.ne.jp,Male,462-995-4777,Japan,4/30/2024
858,Gifford,Dallison,gdallisonnt@sakura.ne.jp,Male,397-253-1927,French Polynesia,6/3/2024
859,Lion,Rule,lrulenu@prnewswire.com,Male,129-377-0360,Indonesia,2/5/2024
860,Gerianna,Yetts,gyettsnv@newyorker.com,Female,506-348-0954,Poland,4/7/2024
861,Jenine,McLucas,jmclucasnw@furl.net,Genderqueer,532-656-7191,United Arab Emirates,3/27/2024
862,Leanora,Gregh,lgreghnx@mozilla.org,Female,452-180-3859,South Africa,8/13/2023
863,Odey,Derham,oderhamny@state.tx.us,Male,927-988-5698,Serbia,8/28/2023
864,Rudolph,Yitzhakof,ryitzhakofnz@ebay.co.uk,Male,509-664-8818,El Salvador,6/18/2024
865,Stephenie,Trevethan,strevethano0@illinois.edu,Female,379-458-3244,Czech Republic,7/13/2023
866,Richy,Pitt,rpitto1@printfriendly.com,Male,429-521-8439,Philippines,11/25/2023
867,Clerc,Logie,clogieo2@exblog.jp,Male,197-357-0740,Macedonia,5/13/2024
868,Jermain,Bauduin,jbauduino3@usnews.com,Male,363-689-5017,Russia,5/16/2024
869,Mattheus,Twelvetree,mtwelvetreeo4@google.ca,Male,703-826-5286,China,11/6/2023
870,Mariann,Wimsett,mwimsetto5@shinystat.com,Female,451-476-4204,Thailand,1/18/2024
871,Stavros,Turbitt,sturbitto6@google.com.br,Male,537-363-1535,Russia,5/16/2024
872,Scotti,Beacom,sbeacomo7@newsvine.com,Male,836-246-4991,Afghanistan,3/20/2024
873,Suzie,Liell,sliello8@ask.com,Female,632-243-7000,France,12/14/2023
874,Arel,Jakov,ajakovo9@sakura.ne.jp,Male,993-367-0239,Indonesia,1/26/2024
875,Stace,Mutton,smuttonoa@scientificamerican.com,Female,623-368-1678,Sweden,9/13/2023
876,Kathe,Stonard,kstonardob@noaa.gov,Polygender,620-269-5853,China,1/25/2024
877,Maribel,Pineaux,mpineauxoc@amazon.co.uk,Female,133-887-3951,Venezuela,9/14/2023
878,Noble,Ellam,nellamod@abc.net.au,Male,313-373-7882,Russia,4/9/2024
879,Lin,Malthus,lmalthusoe@ebay.co.uk,Female,809-147-5287,China,11/13/2023
880,Charo,Forst,cforstof@bigcartel.com,Female,183-648-2691,Sweden,7/19/2023
881,Vivianna,Selcraig,vselcraigog@cisco.com,Female,420-665-9751,Venezuela,4/9/2024
882,Andrey,Beadell,abeadelloh@nature.com,Male,798-553-5021,Brazil,11/3/2023
883,Rolph,Coventry,rcoventryoi@fastcompany.com,Male,702-691-0233,Portugal,6/7/2024
884,Goober,Oxer,goxeroj@deliciousdays.com,Male,946-894-3390,Cuba,6/9/2024
885,Xena,Yerill,xyerillok@usatoday.com,Female,169-410-1536,Russia,4/2/2024
886,Nannette,Kinson,nkinsonol@wordpress.org,Female,488-835-5555,China,1/19/2024
887,Emmaline,Petworth,epetworthom@theguardian.com,Female,473-616-3660,Portugal,10/1/2023
888,Alistair,O'Hanlon,aohanlonon@wunderground.com,Male,756-732-7823,Indonesia,4/14/2024
889,Lindie,Mauchline,lmauchlineoo@ucla.edu,Female,749-998-7783,Russia,5/28/2024
890,Fair,Kezar,fkezarop@dyndns.org,Male,210-821-8373,France,6/10/2024
891,Tessy,Kettell,tkettelloq@bandcamp.com,Female,947-318-8471,China,6/18/2024
892,Hermie,Islip,hislipor@flavors.me,Male,502-253-5186,United States,6/2/2024
893,Agna,Postles,apostlesos@addtoany.com,Female,692-154-7221,Russia,7/8/2023
894,Theresa,Throughton,tthroughtonot@people.com.cn,Female,931-541-2345,Pakistan,5/20/2024
895,Ange,Dennant,adennantou@yahoo.com,Male,914-135-0194,China,3/8/2024
896,Ranique,McKeller,rmckellerov@flavors.me,Female,521-505-5032,Russia,11/6/2023
897,Dionisio,Simister,dsimisterow@gmpg.org,Male,415-290-9030,United States,1/8/2024
898,Brewer,Valentin,bvalentinox@soundcloud.com,Male,613-218-4365,Indonesia,6/20/2024
899,Ben,Aven,bavenoy@nyu.edu,Male,467-363-0264,Nigeria,7/3/2024
900,Kenyon,Keel,kkeeloz@yale.edu,Male,789-779-6143,Czech Republic,9/26/2023
901,Esmaria,Bachelar,ebachelarp0@comsenz.com,Female,449-436-1760,Indonesia,5/25/2024
902,Rockey,Rounding,rroundingp1@yahoo.com,Male,774-135-2289,Mexico,3/11/2024
903,Rici,O'Glassane,roglassanep2@walmart.com,Female,777-732-7395,Uganda,8/20/2023
904,Mercy,Proffer,mprofferp3@psu.edu,Female,689-136-8572,Ivory Coast,2/4/2024
905,Trista,Sein,tseinp4@soundcloud.com,Female,223-374-7960,Indonesia,3/17/2024
906,Tiler,Armit,tarmitp5@booking.com,Male,641-331-5600,Peru,5/9/2024
907,Torry,Littleton,tlittletonp6@google.es,Male,586-250-6114,Germany,8/26/2023
908,Justina,McKay,jmckayp7@youtube.com,Female,873-178-7748,Costa Rica,1/21/2024
909,Haskel,Jedrzejewicz,hjedrzejewiczp8@irs.gov,Male,948-870-6350,Portugal,7/5/2024
910,Lars,Earry,learryp9@nytimes.com,Male,965-172-7239,Philippines,11/13/2023
911,Boy,Kitcatt,bkitcattpa@nps.gov,Male,102-241-1372,Russia,7/5/2024
912,Whit,Coultas,wcoultaspb@yellowbook.com,Male,972-613-6456,Indonesia,11/2/2023
913,Nicoline,Fairtlough,nfairtloughpc@hexun.com,Female,331-841-2985,Russia,3/23/2024
914,Barnaby,Jaycock,bjaycockpd@bbc.co.uk,Non-binary,399-948-8075,Brazil,5/24/2024
915,Kahlil,Duffill,kduffillpe@marriott.com,Polygender,938-259-6008,Ukraine,12/9/2023
916,Revkah,Clipson,rclipsonpf@salon.com,Agender,975-554-9740,Philippines,7/28/2023
917,Jeannine,Sancroft,jsancroftpg@skyrock.com,Female,190-656-0132,Indonesia,10/29/2023
918,Garfield,Simone,gsimoneph@sina.com.cn,Male,199-176-1945,Poland,7/22/2023
919,Maximo,Winham,mwinhampi@tinyurl.com,Male,258-167-0733,Philippines,3/1/2024
920,Katine,Rexworthy,krexworthypj@hp.com,Female,989-709-2143,Greece,10/21/2023
921,Lindsey,Wellesley,lwellesleypk@delicious.com,Male,903-243-9275,Sweden,12/3/2023
922,Purcell,Extall,pextallpl@posterous.com,Male,671-106-8249,United Kingdom,8/9/2023
923,Stoddard,Coltart,scoltartpm@google.com.hk,Female,111-181-6442,Guatemala,10/31/2023
924,Rozelle,Kiefer,rkieferpn@geocities.jp,Female,202-720-4344,United States,12/7/2023
925,Karalee,D'Elia,kdeliapo@fema.gov,Female,499-980-7230,Russia,6/26/2024
926,Hugh,Lally,hlallypp@discovery.com,Male,303-746-2943,Indonesia,2/2/2024
927,Stephannie,Cereceres,scerecerespq@nba.com,Female,428-114-8702,France,9/24/2023
928,Rosetta,Duinkerk,rduinkerkpr@naver.com,Female,594-501-6152,Russia,12/12/2023
929,Neale,Ortzen,nortzenps@smh.com.au,Male,733-560-3469,Bulgaria,12/18/2023
930,Nathanael,Blore,nblorept@i2i.jp,Male,703-869-9407,Palestinian Territory,3/17/2024
931,Sylas,Dunsmore,sdunsmorepu@bing.com,Male,232-999-0165,Peru,11/1/2023
932,Biddie,Clemont,bclemontpv@lycos.com,Female,442-838-3311,Czech Republic,4/12/2024
933,Jarid,Pittwood,jpittwoodpw@globo.com,Male,213-407-2573,Poland,10/8/2023
934,Flemming,Hundey,fhundeypx@exblog.jp,Male,863-183-4560,South Africa,3/22/2024
935,Emilee,Kneath,ekneathpy@cocolog-nifty.com,Genderqueer,816-330-1205,Malaysia,8/4/2023
936,Abbey,Tutill,atutillpz@vinaora.com,Female,474-401-3841,Kiribati,9/18/2023
937,Stevie,McIvor,smcivorq0@samsung.com,Male,833-123-2240,China,1/26/2024
938,Keane,Diggin,kdigginq1@wufoo.com,Male,276-860-1251,China,5/16/2024
939,Giusto,Brosio,gbrosioq2@xing.com,Male,206-682-6932,Indonesia,2/22/2024
940,Berenice,Tamlett,btamlettq3@tiny.cc,Female,462-516-0391,Indonesia,12/13/2023
941,Guido,Karpychev,gkarpychevq4@apache.org,Male,279-283-3941,China,7/17/2023
942,Ellery,Hicks,ehicksq5@ucsd.edu,Male,386-609-2785,Kyrgyzstan,9/3/2023
943,Maje,Adolfson,madolfsonq6@ask.com,Male,817-856-6265,China,2/29/2024
944,Valaree,Coase,vcoaseq7@noaa.gov,Female,842-695-1268,Peru,8/15/2023
945,Juan,Diggell,jdiggellq8@slate.com,Male,131-170-3832,China,2/21/2024
946,Jedidiah,Coverdale,jcoverdaleq9@addtoany.com,Male,128-107-2329,Panama,8/16/2023
947,Arabele,Gemlett,agemlettqa@reddit.com,Female,489-420-2717,Japan,8/22/2023
948,Olivier,Santino,osantinoqb@howstuffworks.com,Male,698-116-2499,Indonesia,8/30/2023
949,Karil,Sive,ksiveqc@spotify.com,Female,533-900-3533,Philippines,11/7/2023
950,Richmond,Nealey,rnealeyqd@storify.com,Male,272-656-9598,Azerbaijan,5/22/2024
951,Krysta,McAirt,kmcairtqe@creativecommons.org,Female,421-598-2531,Colombia,4/24/2024
952,Annamaria,Hardeman,ahardemanqf@chicagotribune.com,Female,243-553-6547,Faroe Islands,10/3/2023
953,Daffie,Dunwoody,ddunwoodyqg@privacy.gov.au,Female,776-438-7167,China,11/23/2023
954,Stephanie,Duval,sduvalqh@zdnet.com,Female,237-869-2247,Indonesia,3/26/2024
955,Oren,Greber,ogreberqi@tinyurl.com,Male,658-926-5224,France,3/3/2024
956,Artair,Pester,apesterqj@intel.com,Polygender,933-805-3349,Russia,7/18/2023
957,Silvano,Howard - Gater,showardgaterqk@china.com.cn,Male,843-843-8133,Greece,9/7/2023
958,Son,Lyptrit,slyptritql@ehow.com,Genderqueer,286-212-0373,Finland,1/25/2024
959,Butch,Ramsey,bramseyqm@mac.com,Male,957-919-7972,Liechtenstein,3/30/2024
960,Kendrick,Blackbrough,kblackbroughqn@plala.or.jp,Male,128-321-1746,China,4/3/2024
961,Elianora,Buten,ebutenqo@archive.org,Female,469-440-8279,United States,5/27/2024
962,Gleda,Dederich,gdederichqp@phpbb.com,Female,212-634-5190,Philippines,10/3/2023
963,Byron,Fligg,bfliggqq@youku.com,Male,517-491-5763,Russia,10/14/2023
964,Corrianne,Brown,cbrownqr@pagesperso-orange.fr,Female,538-330-9840,China,3/22/2024
965,Hugh,Wintour,hwintourqs@cbc.ca,Bigender,911-956-6335,Portugal,1/20/2024
966,Efrem,Ness,enessqt@ask.com,Male,739-280-5105,Indonesia,7/28/2023
967,Gavan,Kynd,gkyndqu@naver.com,Genderqueer,470-241-1992,Canada,11/6/2023
968,Jennee,McNeillie,jmcneillieqv@webnode.com,Female,299-245-1666,Philippines,7/3/2024
969,Fredra,Emma,femmaqw@sitemeter.com,Female,846-698-0910,China,7/27/2023
970,Shandeigh,Paxforde,spaxfordeqx@usa.gov,Female,209-993-5467,Russia,11/26/2023
971,Florance,Ogilvy,fogilvyqy@google.de,Female,679-556-0307,China,11/17/2023
972,Abey,Townshend,atownshendqz@techcrunch.com,Male,302-553-7129,Canada,11/17/2023
973,Marci,Carlaw,mcarlawr0@netlog.com,Polygender,981-963-4482,Netherlands,5/4/2024
974,Bert,Bullocke,bbullocker1@creativecommons.org,Female,397-343-4953,China,11/22/2023
975,Kipp,Chevolleau,kchevolleaur2@liveinternet.ru,Male,228-100-6726,China,2/29/2024
976,Kris,Goldman,kgoldmanr3@webmd.com,Female,357-381-3409,China,5/22/2024
977,Pedro,Patry,ppatryr4@reddit.com,Male,380-131-0844,Kyrgyzstan,5/3/2024
978,Gar,Scranney,gscranneyr5@fotki.com,Male,603-595-3323,Philippines,5/6/2024
979,Haleigh,McHaffy,hmchaffyr6@aol.com,Female,433-936-2679,Poland,7/9/2023
980,Fionna,Northage,fnorthager7@intel.com,Female,655-647-4102,Norway,12/30/2023
981,See,Enser,senserr8@army.mil,Male,788-531-7811,China,9/6/2023
982,Brook,Weald,bwealdr9@reuters.com,Male,583-188-1777,Indonesia,8/28/2023
983,Mendel,Capps,mcappsra@livejournal.com,Male,540-830-2234,France,4/4/2024
984,Abigail,Ducastel,aducastelrb@furl.net,Female,549-485-4192,France,2/2/2024
985,Briny,Nellis,bnellisrc@feedburner.com,Female,542-158-9380,Poland,5/19/2024
986,Valeda,Davydoch,vdavydochrd@oaic.gov.au,Female,269-366-9755,China,4/4/2024
987,Linoel,Oty,lotyre@merriam-webster.com,Male,155-897-7802,Sweden,9/3/2023
988,Carmita,Rocco,croccorf@japanpost.jp,Female,993-543-8275,Russia,11/22/2023
989,Leah,Hayle,lhaylerg@friendfeed.com,Female,906-878-0613,Palestinian Territory,7/20/2023
990,Marion,Meakin,mmeakinrh@opera.com,Male,727-276-5338,United States,9/24/2023
991,Riki,Depka,rdepkari@edublogs.org,Female,187-501-4592,China,5/18/2024
992,Lenci,Filpo,lfilporj@craigslist.org,Male,615-506-7957,Zimbabwe,9/14/2023
993,Turner,Gofton,tgoftonrk@bandcamp.com,Male,438-777-0016,Portugal,10/9/2023
994,Oralle,Glazer,oglazerrl@desdev.cn,Female,408-777-2685,Greece,1/22/2024
995,Fayre,Coleborn,fcolebornrm@about.com,Female,509-574-3990,China,9/17/2023
996,Marlo,Rawlings,mrawlingsrn@arstechnica.com,Male,634-582-7883,Indonesia,4/15/2024
997,Ellswerth,Thicking,ethickingro@cargocollective.com,Male,187-662-4508,France,4/27/2024
998,Tammy,Edes,tedesrp@about.com,Male,394-412-7269,Indonesia,7/26/2023
999,Gar,Mattea,gmattearq@guardian.co.uk,Male,587-447-7876,Indonesia,6/16/2024
1000,Pooh,Treadgall,ptreadgallrr@gov.uk,Male,353-397-1297,Portugal,8/24/2023
